age,annual_income,loan_amount,credit_score,repayment_history,transaction_count,spending_ratio,default_flag,region_default_rate,join_year,join_month,join_day,join_weekday,tenure_days,education_encoded,gender_encoded,region_North,region_South,region_West,loan_purpose_Car,loan_purpose_Education,loan_purpose_Home,loan_purpose_Other,employment_type_Self-Employed,employment_type_Unemployed,income_bin_encoded,good_credit_flag,repayment_qbin_encoded,txn_cluster,annual_income_std,annual_income_minmax,annual_income_maxabs,annual_income_robust,age_scaled,annual_income_scaled,loan_amount_scaled,credit_score_scaled,repayment_history_scaled,transaction_count_scaled,spending_ratio_scaled,tenure_days_scaled,debt_to_income,spending_to_income_ratio,avg_monthly_transactions,loan_per_age,spending_log,spending_sqrt,spending_recip,loan_amount_boxcox,annual_income_yj
59.0,359961.75,614438.3,683.7,0,25,26.58,0,0.26,2019,8,18,6,2550,2,1,0,0,0,0,0,1,0,0,0,1,0,0,1,-0.5534719460888078,0.047049391226063525,0.0774921473222582,-0.5446363274125645,1.1942305785062288,-0.5534719460888078,-0.2972525683710377,-0.025307549844145374,-0.7751793624234595,-0.8160284672335176,-0.3648387696509788,0.9394461526596014,1.7069544194626236,0.2658,4.166666666666667,10414.208474576271,3.3170908723651555,5.155579501860096,0.03625815808556926,-0.6955408337197069,-0.7621876402158447
49.0,492657.61,836216.56,450.9,0,33,35.76,0,0.18,2021,3,28,6,1962,0,0,0,0,1,0,0,0,0,0,0,1,0,0,0,-0.35512217539858026,0.07655869985017545,0.10605875789178051,-0.22040373592593918,0.40606361803485297,-0.35512217539858026,-0.2461666057929549,-2.9559840609056214,-0.7751793624234595,-0.3505244927705869,0.15204486977898699,0.12931985472270865,1.6973584555001597,0.3576,5.5,17065.644081632654,3.6044102974874863,5.979966555090421,0.02720348204570185,-0.2736604654569572,-0.21564797974602581
35.0,999398.23,2341495.61,741.2,0,27,26.1,0,0.18,2022,2,26,5,1627,1,1,0,0,1,0,1,0,0,1,0,2,1,0,1,0.4023384249277882,0.18924921896624902,0.2151492898141652,1.01777976455508,-0.6973701266250734,0.4023384249277882,0.10056994637348382,0.6985494062814338,-0.7751793624234595,-0.6996524736177849,-0.39186536517672843,-0.33223169257126933,2.342905500242881,0.261,4.5,66899.87457142856,3.299533727885655,5.10881590977792,0.03690036900369004,0.9378637515121725,0.8940262692405374
63.0,580881.54,436869.88,666.4,0,35,46.63,0,0.18,2021,9,14,1,1792,2,0,0,0,1,0,0,1,0,1,0,1,0,0,0,-0.22324770482436115,0.09617820552580125,0.12505150304014306,-0.0048350403009615565,1.5094973626947792,-0.22324770482436115,-0.33815492579402984,-0.24309407751323353,-0.7751793624234595,-0.23414849915485422,0.7640846476225306,-0.10490033345632496,0.7520808459501054,0.46630000000000005,5.833333333333333,6934.44253968254,3.863462814812769,6.828616258071616,0.02099517111064455,-1.1985861045819735,0.05741309081257363
28.0,248865.64,1104961.06,588.9,0,35,56.25,1,0.15,2019,9,6,4,2531,2,1,0,1,0,0,0,0,0,1,0,0,0,0,0,-0.7195350617208727,0.022343500650967317,0.053575505837295416,-0.816091515610472,-1.2490869989550364,-0.7195350617208727,-0.18426210951786656,-1.2187273662042315,-0.7751793624234595,-0.23414849915485422,1.3057426662844336,0.9132686022160623,4.439990430177504,0.5625,5.833333333333333,39462.895000000004,4.047427642434349,7.5,0.017467248908296942,0.08297791086810646,-1.451876726822045
41.0,697836.04,957075.11,681.6,5,49,19.61,0,0.15,2023,2,16,3,1272,2,1,0,1,0,0,1,0,0,0,0,1,0,2,0,-0.04842764445329744,0.12218690267338897,0.15022933191779755,0.28093469374366137,-0.2244699503422478,-0.04842764445329744,-0.2183271982579632,-0.05174406476351464,2.6916335285580226,0.5804834561552745,-0.7572874588478046,-0.8213385561216042,1.3714899419640176,0.1961,8.166666666666666,23343.295365853657,3.0257763949023677,4.428317965096905,0.048520135856380396,-0.09805244426992692,0.3507700312494264
59.0,324182.21,1608235.22,737.7,2,51,19.49,0,0.21,2022,5,23,0,1541,0,1,1,0,0,0,1,0,0,0,0,1,1,1,0,-0.6069541237121475,0.03909262838290657,0.06978956952113731,-0.6320610064974987,1.1942305785062288,-0.6069541237121475,-0.06833440359991028,0.6544885480824855,0.6115457939691334,0.6968594497710072,-0.7640441077292421,-0.450719552473604,4.960899057354196,0.1949,8.5,27258.22406779661,3.0199369622508083,4.414748010928823,0.04880429477794046,0.5286406011437147,-0.9525215063845739
39.0,165073.22,1791578.0,665.5,2,46,15.95,1,0.21,2022,5,3,1,1561,2,0,1,0,0,0,0,0,0,0,0,0,0,1,0,-0.8447854447590417,0.0037094876369877655,0.03553677101302996,-1.0208321419083515,-0.38210334243652294,-0.8447854447590417,-0.026101939525020032,-0.2544240124786771,0.6115457939691334,0.40591946573167553,-0.9633652497316472,-0.42316423621724714,10.853232280802422,0.1595,7.666666666666667,45937.89743589744,2.830267833826459,3.9937451095431715,0.058997050147492625,0.6498818515931146,-2.2831999085758863
43.0,1230343.51,1184329.44,603.6,1,52,37.23,0,0.15,2022,5,12,3,1552,1,1,0,1,0,1,0,0,0,0,0,3,0,0,0,0.74754846637136,0.24060753220075343,0.26486692137124085,1.5820776004182657,-0.06683655824797259,0.74754846637136,-0.16597983924230822,-1.0336717617686482,-0.08181678422716306,0.7550474465788736,0.2348138185765958,-0.43556412853260773,0.9626006317536473,0.37229999999999996,8.666666666666666,27542.545116279067,3.6436205477083212,6.10163912403872,0.026157467957101756,0.168261122129719,1.1905873099540194
31.0,694867.48,765081.58,703.4,3,44,60.62,0,0.15,2021,3,1,0,1989,1,0,0,1,0,0,1,0,0,1,0,1,1,2,0,-0.05286495843792509,0.12152674527880863,0.14959026376998752,0.2736812353329502,-1.0126369108136237,-0.05286495843792509,-0.2625523368662922,0.22269213773279134,1.30490837216543,0.28954347211594283,1.5517972963834477,0.16651953166879047,1.1010467492305152,0.6062,7.333333333333333,24680.050967741936,4.120986493168521,7.785884663928692,0.01622849724115547,-0.3923202032445966,0.34407759288222156
31.0,576110.12,1371424.79,699.2,0,57,30.84,0,0.15,2019,4,10,2,2680,3,1,0,1,0,0,0,1,0,0,0,1,0,0,2,-0.2303798795799773,0.09511712264533112,0.1240243172861668,-0.01649365475714073,-1.0126369108136237,-0.2303798795799773,-0.12288298182881194,0.16981910789405422,-0.7751793624234595,1.0459874306182053,-0.12497773435994883,1.1185557083259212,2.380490712435324,0.3084,9.5,44239.50935483871,3.460723360976182,5.5533773507659285,0.031407035175879394,0.3441809164933549,0.04396041385166613
44.0,446821.63,2507907.07,759.3,2,28,64.17,0,0.15,2022,1,19,2,1665,0,1,0,1,0,1,0,0,0,0,0,1,1,1,1,-0.42363641632788923,0.06636555531719136,0.09619124137142777,-0.33240058781513243,0.011980137799164995,-0.42363641632788923,0.13890233124350723,0.9264069872531367,0.6115457939691334,-0.6414644768099186,1.751681492459306,-0.27987659168419127,5.612770066659485,0.6417,4.666666666666667,56997.88795454545,4.176999240344289,8.010617953691213,0.015344483658124904,1.0089194545140425,-0.38195119085044615
56.0,1165188.84,965978.68,656.7,6,67,21.66,0,0.18,2021,7,14,2,1854,2,2,0,0,1,0,1,0,0,0,0,2,0,2,2,0.6501572300969394,0.22611823867394581,0.25084049971290323,1.4228769478767633,0.957780490364816,0.6501572300969394,-0.21627628738946175,-0.3652055988074608,3.3849961067543193,1.6278673986968688,-0.6418613737899146,-0.01947885306161858,0.8290318674868187,0.21660000000000001,11.166666666666666,17249.619285714285,3.12060125559986,4.654030511288038,0.0441306266548985,-0.08620487483693026,1.1141945731266636
45.0,2951828.4,816613.12,779.6,0,35,31.79,0,0.15,2024,9,8,6,702,2,1,0,1,0,1,0,0,0,1,0,3,1,0,0,3.320772176426757,0.6234365738208564,0.635466188401478,5.788399539096444,0.09079683384630259,3.320772176426757,-0.25068219989240226,1.1819599648070376,-0.7751793624234595,-0.23414849915485422,-0.0714875973819023,-1.6066650694277758,0.2766465421905962,0.3179,5.833333333333333,18146.958222222223,3.4901235908565567,5.638262143604179,0.030497102775236352,-0.3050855056979785,2.3085896759077253
44.0,691645.82,1292022.24,649.5,1,49,5.18,0,0.26,2024,4,12,4,851,1,1,0,0,0,0,1,0,0,1,0,1,0,0,0,-0.05768059867147785,0.12081030273702958,0.148896708548239,0.2658093456546376,0.011980137799164995,-0.05768059867147785,-0.1411731230622419,-0.45584507853101214,-0.08181678422716306,0.5804834561552745,-1.5697744868406593,-1.4013779633179169,1.868040263729202,0.0518,8.166666666666666,29364.14181818182,1.8213182714695995,2.2759613353482084,0.16181229773462785,0.2733605345129083,0.3367754276714533
23.0,306723.18,1011665.88,589.1,3,28,31.21,1,0.26,2019,7,22,0,2577,1,0,0,0,0,0,0,0,0,1,0,1,0,2,1,-0.6330513553588154,0.03521003623159433,0.06603100982732615,-0.6747208644745505,-1.6431704791907245,-0.6330513553588154,-0.20575237675233535,-1.2162096028785767,1.30490837216543,-0.6414644768099186,-0.10414473364218327,0.9766458296056832,3.298302658442704,0.3121,4.666666666666667,43985.47304347826,3.4722769633431074,5.586591089385369,0.03104625892579944,-0.027453948618013126,-1.0548399108609579
42.0,496353.65,386004.15,605.1,4,19,54.01,1,0.18,2018,2,7,2,3107,1,0,0,0,1,0,0,1,0,0,0,1,0,2,1,-0.3495974462437904,0.07738063645804749,0.10685443708877564,-0.21137273354622488,-0.1456532542951102,-0.3495974462437904,-0.34987169541467195,-1.0147885368262417,1.9982709503617262,-1.1651564480807157,1.1796185538309343,1.706861710399141,0.777679684636146,0.5401,3.1666666666666665,9190.575,4.007514986887367,7.349149610669251,0.018178512997636793,-1.3911185486308917,-0.20305689739220015
22.0,4645138.409999997,1164184.69,685.3,2,37,20.09,0,0.15,2018,9,2,6,2900,3,0,0,1,0,0,1,0,0,0,0,3,0,1,0,5.8518809253430115,0.9999999999999999,1.0,9.925878227071657,-1.721987175237862,5.8518809253430115,-0.1706201224902913,-0.0051654432389130105,0.6115457939691334,-0.11777250553912152,-0.7302608633220548,1.421664187145847,0.25062432746756425,0.2009,6.166666666666667,52917.48590909091,3.0487989944906833,4.4821869662029945,0.0474158368895211,0.1472950944761495,2.813226169414554
44.0,148413.78,383565.74,685.1,0,40,38.43,1,0.26,2018,1,21,6,3124,2,1,0,0,0,0,0,1,0,1,0,0,0,0,0,-0.8696874733816949,4.710739917465623e-06,0.031950346125423655,-1.0615382604256582,0.011980137799164995,-0.8696874733816949,-0.3504333759058528,-0.0076832065645663404,-0.7751793624234595,0.056791484884477494,0.3023803073909706,1.7302837292170443,2.5844348146108804,0.3843,6.666666666666667,8717.403181818181,3.674526947889536,6.199193495931548,0.0253613999492772,-1.4011228726025775,-2.510351974129286
64.0,649510.68,1279700.28,714.6,0,27,5.0,0,0.18,2021,2,7,6,2011,1,1,0,0,1,0,1,0,0,1,0,1,1,0,1,-0.12066293555071896,0.11144016225050529,0.1398259045633046,0.16285522459274668,1.588314058741917,-0.12066293555071896,-0.14401144990026754,0.36368688396942644,-0.7751793624234595,-0.6996524736177849,-1.5799094601628154,0.19683037955078306,1.9702528678974145,0.05,4.5,19995.316875,1.791759469228055,2.23606797749979,0.16666666666666666,0.2618910363719132,0.237320527256007
50.0,686961.7,563543.66,683.2,0,22,50.23,0,0.18,2022,6,18,5,1515,2,0,0,0,1,1,0,0,0,0,0,1,0,0,1,-0.06468228001922682,0.11976863389587378,0.14788831663683416,0.25436404233896276,0.48488031408199056,-0.06468228001922682,-0.3089759973241957,-0.031601958158280846,-0.7751793624234595,-0.9905924576571167,0.9667841140656541,-0.48654146360686795,0.8203421821041844,0.5023,3.6666666666666665,11270.8732,3.936325297951111,7.087312607751968,0.01951981260979895,-0.8193640755869565,0.32608497219192795
58.0,1120727.08,1010355.05,763.3,2,20,55.56,0,0.21,2019,1,29,1,2751,2,0,1,0,0,0,0,0,0,1,0,2,1,1,1,0.5836971317903009,0.21623069736096748,0.24126882367752756,1.3142379016634422,1.1154138824590913,0.5836971317903009,-0.20605432254416467,0.9767622537662205,0.6115457939691334,-1.1069684512728493,1.2668919352161683,1.2163770810359882,0.9015174773861983,0.5556,3.3333333333333335,17419.914655172415,4.0353020215883175,7.45385806143369,0.01768033946251768,-0.029093827221374245,1.0590431842193448
22.0,1058293.03,1294216.09,670.4,0,50,6.71,0,0.15,2021,12,4,5,1711,1,0,0,1,0,0,0,1,0,1,0,2,0,0,0,0.49037259626400637,0.20234642357802324,0.22782809393186643,1.161684884346206,-1.721987175237862,0.49037259626400637,-0.1406677762396907,-0.19273881100014975,-0.7751793624234595,0.6386714529631409,-1.4836272136023316,-0.2164993642945704,1.222927916287987,0.06709999999999999,8.333333333333334,58828.0040909091,2.0425181875752383,2.5903667693977237,0.1297016861219196,0.27538850555546035,0.9769776207820031
41.0,574436.41,5486122.84,336.81,3,39,30.02,1,0.15,2020,9,13,6,2158,2,1,0,1,0,0,1,0,0,1,0,1,0,2,0,-0.23288169082489432,0.09474491792894238,0.12366400294194901,-0.020583242259697834,-0.2244699503422478,-0.23288169082489432,0.8249254760534451,-4.392242150025053,1.30490837216543,-0.001396511923388845,-0.17114816838310482,0.39936195403500624,9.550444130099622,0.3002,6.5,133807.87414634146,3.4346321577483927,5.47905101272109,0.032237266279819474,1.7446023147337746,0.03920964062271094
45.0,1243014.83,1656015.5,680.9,0,35,53.75,0,0.21,2022,7,30,5,1473,2,0,1,0,0,0,0,1,0,1,0,3,0,0,0,0.7664891734615624,0.24342541885188845,0.2675947884188021,1.6130390405201374,0.09079683384630259,0.7664891734615624,-0.05732835821002256,-0.06055623640330487,-0.7751793624234595,-0.23414849915485422,1.164979147921153,-0.5444076277452174,1.332257234614007,0.5375,5.833333333333333,36800.34444444445,4.00277736869661,7.33143914930759,0.0182648401826484,0.5618168195341415,1.2048777339979884
32.0,1655515.63,2559593.89,539.5,0,16,22.07,0,0.15,2023,8,18,4,1089,3,0,0,1,0,0,0,0,0,0,0,3,0,0,1,1.3830829322234062,0.3351586003911849,0.3563974813831222,2.6209544598429866,-0.9338202147664861,1.3830829322234062,0.15080823650356345,-1.8406149076408158,-0.7751793624234595,-1.3397204385043147,-0.6187761567783366,-1.07346969986727,1.5461007094206658,0.2207,2.6666666666666665,79987.3090625,3.138533072185662,4.697871858618538,0.043346337234503686,1.029816862590848,1.5925767591474542
42.0,942252.28,3649947.98,710.4,0,22,14.06,0,0.26,2024,7,3,2,769,1,1,0,0,0,0,0,0,1,0,0,2,1,0,1,0.3169183818429836,0.1765409289324223,0.20284697609258118,0.8781478313397926,-0.1456532542951102,0.3169183818429836,0.40196805820384873,0.3108138541306879,-0.7751793624234595,-0.9905924576571167,-1.069782469614287,-1.5143547599689802,3.8736419719780355,0.1406,3.6666666666666665,86903.52333333333,2.7120422223717475,3.749666651850535,0.06640106241699867,1.3781087782586963,0.8076997623464772
64.0,680105.28,1386757.91,723.3,2,42,36.35,0,0.18,2023,3,26,6,1234,1,1,0,0,1,0,0,0,1,0,0,1,1,1,0,-0.07493104991118785,0.11824388237885936,0.14641227450529304,0.23761088346180784,1.588314058741917,-0.07493104991118785,-0.11935104324057859,0.47320958863538276,0.6115457939691334,0.17316747850021016,0.18526506011272137,-0.8736936570086824,2.0390341771791567,0.3635,7.0,21668.09234375,3.6203329115788265,6.029096117993144,0.02677376171352075,0.35727640830036356,0.31027717761754325
45.0,204431.14,1202583.67,616.0,0,56,45.87,0,0.21,2018,10,17,2,2855,1,1,1,0,0,0,0,0,0,1,0,0,0,0,2,-0.785954412601412,0.012462021499635087,0.04400969830304801,-0.9246639540152003,0.09079683384630259,-0.785954412601412,-0.16177503165354043,-0.8775704355780887,-0.7751793624234595,0.987799433810339,0.7212925380400931,1.3596647255690442,5.88258554934439,0.4587,9.333333333333334,26724.081555555553,3.847377811934615,6.772739475278818,0.02133560913164071,0.18688435290921293,-1.8413960622002972
47.0,243279.12,466631.54,796.4,0,31,45.45,0,0.18,2022,11,22,1,1358,2,1,0,0,1,0,0,0,0,1,0,0,1,0,1,-0.72788562338087,0.021101153355318654,0.05237284630233443,-0.8297417670726643,0.24843022594057776,-0.72788562338087,-0.3312994159301612,1.3934520841619888,-0.7751793624234595,-0.4669004863863196,0.6976442669550622,-0.7028506962192697,1.918091203223688,0.4545,5.166666666666667,9928.330638297872,3.8383764652598478,6.74166151627327,0.02152852529601722,-1.0982908621170717,-1.4960387210725685
62.0,340779.88,907418.51,753.2,1,43,22.66,0,0.26,2020,6,30,1,2233,1,1,0,0,0,0,0,1,0,1,0,1,1,0,0,-0.5821444270231019,0.042783668679651055,0.07336269663491043,-0.5915058184400882,1.4306806666476417,-0.5821444270231019,-0.22976544837929982,0.8496152058206851,-0.08181678422716306,0.2313554753080765,-0.5855559664446024,0.5026943899963446,2.662770202278374,0.2266,7.166666666666667,14635.782419354839,3.1637858585502405,4.760252094164762,0.042265426880811495,-0.1667104493436734,-0.8612329518412987
48.0,423373.45,593527.36,780.5,0,75,65.9,0,0.26,2018,12,27,3,2784,2,1,0,0,0,1,0,0,0,0,0,1,1,0,2,-0.4586860488190851,0.061151077787193614,0.09114334442404705,-0.38969449409860546,0.3272469219877154,-0.4586860488190851,-0.3020693412067184,1.1932898997724812,-0.7751793624234595,2.0933713731597994,1.8490898471666963,1.2618433528589772,1.4019002844887887,0.659,12.5,12365.153333333334,4.203198967134183,8.117881497040962,0.014947683109118086,-0.7448322739883401,-0.47519278064406334
36.0,295709.35,743600.2,704.2,0,30,5.63,0,0.18,2022,6,11,5,1522,2,1,0,0,1,0,0,1,0,1,0,0,1,0,1,-0.6495144963710606,0.0327607472439537,0.06365996530122774,-0.7016323494530053,-0.6185534305779358,-0.6495144963710606,-0.2675005088593702,0.23276319103540893,-0.7751793624234595,-0.5250884831941859,-1.544437053535269,-0.47689710291714305,2.5146320195827423,0.056299999999999996,5.0,20655.56111111111,1.891604804197771,2.3727621035409343,0.15082956259426847,-0.4308452319240928,-1.1230701433797006
35.0,529772.28,3647178.32,615.5,3,34,38.6,1,0.15,2018,8,7,1,2926,2,1,0,1,0,0,0,0,0,1,0,1,0,2,0,-0.29964428570598944,0.08481237296033932,0.11404876092809478,-0.12971676471017615,-0.6973701266250734,-0.29964428570598944,0.4013300752603717,-0.8838648438922242,1.30490837216543,-0.29233649596272054,0.31195222663967376,1.4574860982791111,6.884426493587018,0.386,5.666666666666667,104205.09485714285,3.6788291182604347,6.212889826803627,0.025252525252525252,1.3773935903521983,-0.09410849853101969
64.0,430395.55,1066865.06,746.9,1,27,59.79,0,0.15,2024,9,19,3,691,2,0,0,1,0,0,0,0,1,1,0,1,1,0,1,-0.4481896254584479,0.06271267372612777,0.09265505395349462,-0.37253650830554286,1.588314058741917,-0.4481896254584479,-0.19303740981274056,0.7703056610625773,-0.08181678422716306,-0.6996524736177849,1.5050638082868386,-1.621820493368772,2.4788013258966086,0.5979,4.5,16669.7665625,4.107425301760631,7.732399368889323,0.016450074025333113,0.03932197560774311,-0.44662857671614586
23.0,973830.34,533316.48,643.2,0,38,32.32,0,0.18,2023,7,9,6,1129,3,0,0,0,1,0,0,1,0,1,0,2,0,0,0,0.3641203138387688,0.18356335388441944,0.20964506416074705,0.9553065025140111,-1.6431704791907245,0.3641203138387688,-0.31593873833551467,-0.5351546232891186,-0.7751793624234595,-0.05958450873125519,-0.04164573148888678,-1.0183590673545562,0.5476482484618419,0.3232,6.333333333333333,23187.67304347826,3.506157817298642,5.685068161420758,0.030012004801920768,-0.8996069049564915,0.8561585483556834
57.0,416180.56,2577095.17,698.8,2,44,22.36,0,0.15,2023,8,3,3,1104,2,1,0,1,0,0,0,0,1,1,0,1,0,1,0,-0.4694377639223297,0.059551501049009845,0.08959486742183001,-0.40726979271740366,1.0365971864119536,-0.4694377639223297,0.15483960429925514,0.1647835812427447,0.6115457939691334,0.28954347211594283,-0.6024475886481961,-1.0528032126750022,6.192252636692112,0.2236,7.333333333333333,45212.19596491228,3.151025157960026,4.728636167014756,0.04280821917808219,1.036775482714022,-0.5050503005182314
27.0,153630.42,1921646.32,677.1,6,28,29.52,1,0.21,2023,8,7,0,1100,2,0,1,0,0,0,1,0,0,0,0,0,0,2,1,-0.8618897971936551,0.0011648029970601353,0.0330733783237258,-1.0487917835871736,-1.327903695002174,-0.8618897971936551,0.003858911137773071,-0.10839373959073388,3.3849961067543193,-0.6414644768099186,-0.1993008720557609,-1.0583142759262736,12.508241011122667,0.2952,4.666666666666667,71172.08592592593,3.4183822064162563,5.43323108288245,0.0327653997378768,0.7269969739117107,-2.4360438557708943
45.0,579061.02,1993410.29,774.4,1,20,24.07,0,0.18,2020,4,11,5,2313,0,0,0,0,1,0,1,0,0,0,0,1,1,0,1,-0.22596896323089302,0.09577335275544077,0.12465958360969492,-0.009283347259846612,0.09079683384630259,-0.22596896323089302,0.020389528186868212,1.1164981183400282,-0.08181678422716306,-1.1069684512728493,-0.5061653420877122,0.6129156550217721,3.442487442860512,0.2407,3.3333333333333335,44298.00644444444,3.221671912170202,4.906118628814432,0.03988831272437176,0.7668476457707166,0.0522960422536993
29.0,536161.71,241761.95,744.8,1,11,36.37,0,0.15,2022,11,29,1,1351,3,1,0,1,0,0,0,1,0,0,0,1,1,0,1,-0.2900935583860772,0.08623327382191975,0.11542426999500328,-0.11410466161199082,-1.170270302907899,-0.2900935583860772,-0.3830974571795101,0.7438691461432081,-0.08181678422716306,-1.6306604225436463,0.18639116825962737,-0.7124950569089945,0.45091237492509495,0.36369999999999997,1.8333333333333333,8336.618965517242,3.6208682434973927,6.0307545133258404,0.026759432700026762,-2.1703279988192588,-0.07422185165014085
59.0,336338.23,3851871.42,684.0,3,25,29.99,0,0.26,2022,11,27,6,1353,1,1,0,0,0,0,0,1,0,0,0,1,0,2,1,-0.5887836715254267,0.041795921053988216,0.07240650338339438,-0.6023586641127157,1.1942305785062288,-0.5887836715254267,0.4484805220471386,-0.021530904855664664,1.30490837216543,-0.8160284672335176,-0.17283733060346426,-0.7097395252833588,11.452374652741677,0.2999,4.166666666666667,65285.95627118644,3.433664571799657,5.476312628037227,0.032268473701193935,1.4285229110046815,-0.8851282962234811
38.0,569349.6,665996.49,543.6,5,52,6.67,1,0.15,2021,5,28,4,1901,1,1,0,1,0,0,1,0,0,1,0,1,0,2,0,-0.24048530104336507,0.09361369766176736,0.12256892039520526,-0.03301248902519676,-0.46092003848366053,-0.24048530104336507,-0.2853762926489102,-1.7890007594649047,2.6916335285580226,0.7550474465788736,-1.485879429896144,0.045276140140820126,1.1697496406425858,0.0667,8.666666666666666,17526.223421052633,2.0373166153791646,2.582634314028992,0.1303780964797914,-0.5823402530678827,0.024667787936145002
24.0,299121.31,1697332.3,642.4,2,54,29.01,1,0.18,2019,8,18,6,2550,0,1,0,0,1,0,1,0,0,1,0,0,0,1,0,-0.6444144014351355,0.03351950927807537,0.0643944880858782,-0.6932954756963657,-1.5643537831435868,-0.6444144014351355,-0.04781115621445215,-0.5452256765917362,0.6115457939691334,0.8714234401946063,-0.22801662980187,0.9394461526596014,5.674394445517773,0.2901,9.0,70722.17916666667,3.4015306594522756,5.386093203798093,0.033322225924691765,0.5895700521824356,-1.101609846423115
45.0,647848.39,5761220.22,742.8,0,92,43.13,0,0.21,2023,11,25,5,990,2,0,1,0,0,0,0,1,0,0,0,1,1,0,2,-0.12314767652395404,0.11107049714842315,0.13946804870341858,0.15879354102174215,0.09079683384630259,-0.12314767652395404,0.8882933393417972,0.7186915128866661,-0.7751793624234595,3.082567318893527,0.567015721913938,-1.2098685153362365,8.892852570027996,0.4313,15.333333333333334,128027.116,3.7871398232814557,6.567343450741708,0.022660321776569226,1.7863451174012406,0.23323837847099116
34.0,2299284.26,4451416.53,711.0,1,37,11.17,0,0.18,2019,8,4,6,2564,1,1,0,0,1,0,1,0,0,0,0,3,1,0,0,2.345368870443799,0.47832182481425056,0.49498724409376665,4.1939558422726595,-0.776186822672211,2.345368870443799,0.5865839549685284,0.31836714410765077,-0.08181678422716306,-0.11777250553912152,-1.2325050968422393,0.9587348740390512,1.9360009579676767,0.1117,6.166666666666667,130924.0155882353,2.498973906999436,3.3421549934136805,0.08216926869350863,1.5609206832737277,2.009712877841325
29.0,200168.94,496682.62,577.3,2,13,23.38,1,0.26,2022,10,14,4,1397,1,1,0,0,0,0,0,0,0,1,0,0,0,1,1,-0.792325420654232,0.01151418051034054,0.043092136839039875,-0.9350783267879025,-1.170270302907899,-0.792325420654232,-0.3243772390300856,-1.3647576390921747,0.6115457939691334,-1.5142844289279138,-0.5450160731559777,-0.6491178295193737,2.48131713141909,0.23379999999999998,2.1666666666666665,17126.986896551723,3.1937631240531252,4.835286961494633,0.04101722723543889,-1.004700016290397,-1.8840668887646685
46.0,406795.89,358196.81,554.5,0,30,39.57,1,0.21,2023,8,18,4,1089,0,0,1,0,0,0,0,0,0,0,0,1,0,0,1,-0.48346568568645604,0.05746450961336563,0.08757454656770933,-0.430200544847476,0.16961352989344017,-0.48346568568645604,-0.3562770334790793,-1.6517826582167516,-0.7751793624234595,-0.5250884831941859,0.3665684717646265,-1.07346969986727,0.8805320279907449,0.3957,5.0,7786.887173913044,3.703028877218356,6.2904689809266205,0.024648755237860486,-1.5100821925539312,-0.5449551764430154
22.0,372473.88,2679772.92,674.4,0,23,37.66,0,0.15,2024,2,15,3,908,0,0,0,1,0,0,0,0,1,0,0,1,0,0,1,-0.5347691914109579,0.049831876721202636,0.08018574413157264,-0.5140638563880913,-1.721987175237862,-0.5347691914109579,0.17849111862758354,-0.142383544487066,-0.7751793624234595,-0.9324044608492503,0.25902514373508,-1.3228453119872998,7.194525747684643,0.3766,3.8333333333333335,121807.86,3.654805473780185,6.136774397026503,0.025866528711846873,1.0764630419725183,-0.7009503000685182
40.0,425792.35,1087551.14,610.7,3,44,24.37,1,0.18,2018,3,22,3,3064,2,1,0,0,1,1,0,0,0,0,0,1,0,2,0,-0.45507035002997004,0.06168900012049672,0.09166408240567372,-0.38378408954229914,-0.30328664638938535,-0.45507035002997004,-0.18827243280928124,-0.9442911637079241,1.30490837216543,0.28954347211594283,-0.48927371988411855,1.6476177804479737,2.5541819621700577,0.2437,7.333333333333333,27188.778499999997,3.2335673736111907,4.9365980188789935,0.039416633819471816,0.06326047605759459,-0.4652891782530477
48.0,946909.23,693414.34,617.9,1,35,34.0,0,0.15,2023,11,26,6,989,2,0,0,1,0,1,0,0,0,0,0,2,0,0,0,0.3238794502939198,0.17757655562640548,0.2038495188779532,0.889526746755267,0.3272469219877154,0.3238794502939198,-0.27906067244758165,-0.8536516839843742,-0.08181678422716306,-0.23414849915485422,0.05294735285123766,-1.2112462811490543,0.7322923021882467,0.34,5.833333333333333,14446.132083333332,3.5553480614894135,5.830951894845301,0.02857142857142857,-0.5264437104635202,0.8149683290232629
27.0,728362.84,1520961.08,740.4,0,26,22.8,0,0.21,2021,9,6,0,1800,1,2,1,0,0,0,0,0,0,0,0,2,1,0,1,-0.0027971042095669627,0.12897554523169136,0.1568011059545587,0.35552468829054396,-1.327903695002174,-0.0027971042095669627,-0.08843774217815664,0.6884783529788162,-0.7751793624234595,-0.7578404704256513,-0.5776732094162587,-0.0938782069537822,2.088191484343161,0.228,4.333333333333333,56331.891851851855,3.169685580677429,4.774934554525329,0.04201680672268907,0.46479404228191884,0.41765972531666157
64.0,861837.12,878511.52,780.2,1,42,29.47,0,0.15,2022,5,22,6,1542,2,2,0,1,0,1,0,0,0,0,0,2,1,0,0,0.19671622522695978,0.1586579612611073,0.18553529387728201,0.6816592918961987,1.588314058741917,0.19671622522695978,-0.23642408755062805,1.1895132547840006,-0.08181678422716306,0.17316747850021016,-0.20211614242302656,-0.44934178666078617,1.0193475073341005,0.29469999999999996,7.0,13726.7425,3.416742592997618,5.428627819255985,0.032819166393173616,-0.2088427563079171,0.6748988851263629
28.0,549504.66,25048648.0,689.2,0,33,29.85,0,0.15,2018,12,12,2,2799,2,1,0,1,0,0,0,1,0,0,0,1,0,0,0,-0.27014891902181076,0.08920051959361223,0.11829672476863834,-0.08150214291565402,-1.2490869989550364,-0.27014891902181076,5.331094963795675,0.04393094161134481,-0.7751793624234595,-0.3505244927705869,-0.1807200876318078,1.2825098400512447,45.58405018803662,0.2985,5.5,894594.5714285715,3.4291367503513968,5.463515351859094,0.03241491085899514,2.8446938445443886,-0.03359940155212694
55.0,261148.73,1031874.15,686.6,0,94,68.45,0,0.26,2023,3,2,3,1258,0,0,0,0,0,0,0,1,0,1,0,0,0,0,2,-0.7011746691293674,0.025075051534828675,0.05621979518151756,-0.7860786870100662,0.8789637943176785,-0.7011746691293674,-0.20109746186127347,0.011200018377840073,-0.7751793624234595,3.19894331250926,1.9926686358972423,-0.840627277501054,3.9512891753293227,0.6845,15.666666666666666,18761.348181818183,4.240607069200353,8.273451516749223,0.014398848092152626,-0.0024987381370462393,-1.3588471647452405
34.0,292705.73,1632579.03,684.4,2,51,23.5,0,0.26,2024,7,3,2,769,1,1,0,0,0,1,0,0,0,0,0,0,0,1,0,-0.6540042169866139,0.03209279310002219,0.06301334947735178,-0.7089714743996394,-0.776186822672211,-0.6540042169866139,-0.06272687936977175,-0.01649537820435657,0.6115457939691334,0.6968594497710072,-0.5382594242745402,-1.5143547599689802,5.577543801414479,0.235,8.5,48017.03029411765,3.1986731175506815,4.847679857416329,0.04081632653061224,0.5456928995359972,-1.1422107341740286
37.0,814592.15,526405.51,337.0,0,72,17.11,0,0.15,2019,7,9,1,2590,3,0,0,1,0,0,0,1,0,1,0,2,0,0,2,0.12609586852731086,0.14815148124984764,0.17536445162674938,0.5662196763889187,-0.5397367345307982,0.12609586852731086,-0.3175306597204072,-4.389850274865681,-0.7751793624234595,1.9188073827362004,-0.8980509772110851,0.9945567851723152,0.6462197186653468,0.1711,12.0,14227.175945945946,2.896464271895322,4.136423575989287,0.05521811154058531,-0.9187405411706403,0.5897010845928057
56.0,647057.67,36795450.45999997,693.0,0,56,36.63,0,0.21,2018,10,29,0,2843,2,2,1,0,0,1,0,0,0,0,0,1,0,0,2,-0.12432962093940281,0.11089465443173813,0.13929782342050825,0.156861474755769,0.957780490364816,-0.12432962093940281,8.036935973115929,0.09176844479877382,-0.7751793624234595,0.987799433810339,0.20103057416940884,1.34313153581523,56.86579754166266,0.3663,9.333333333333334,657061.6153571423,3.627801604605346,6.052272300549604,0.026574541589157584,3.0675643591208757,0.23129214116922556
60.0,1080694.1,1604521.85,746.7,5,39,40.31,0,0.26,2018,7,19,3,2945,1,0,0,0,0,0,0,1,0,0,0,2,1,2,0,0.5238570402980234,0.20732804160393858,0.2326505702550208,1.2164202542226537,1.2730472745533665,0.5238570402980234,-0.06918976733510492,0.767787897736924,2.6916335285580226,-0.001396511923388845,0.4082344732001576,1.4836636487226502,1.4847141758245928,0.4031,6.5,26742.030833333334,3.721104601408673,6.34901567173999,0.02420721374969741,0.5260115774476206,1.0070787967864598
45.0,634945.32,1547897.57,639.5,0,37,29.55,0,0.15,2020,11,28,5,2082,2,0,0,1,0,0,0,1,0,1,0,1,0,0,0,-0.14243479652679336,0.1082010732279744,0.1366902907851136,0.12726583680976936,0.09079683384630259,-0.14243479652679336,-0.08223300182116719,-0.5817332448137216,-0.7751793624234595,-0.11777250553912152,-0.1976117098354015,0.29465175226085005,2.43784389181733,0.2955,6.166666666666667,34397.72377777778,3.4193646856176043,5.4359911699707535,0.03273322422258593,0.4849707461309802,0.20111598511653353
22.0,281909.61,450282.77,575.6,0,15,41.56,0,0.21,2018,11,3,5,2838,1,0,1,0,0,0,1,0,0,0,0,0,0,0,1,-0.6701419316549102,0.029691919123826196,0.0606891733071093,-0.7353510009771873,-1.721987175237862,-0.6701419316549102,-0.3350653064751483,-1.3861586273602344,-0.7751793624234595,-1.3979084353121811,0.47861623238179785,1.3362427067511407,1.5972593839564393,0.4156,2.5,20467.398636363636,3.750914845033389,6.446704584514479,0.023496240601503758,-1.152377176219834,-1.2130169033324674
26.0,405531.57,3235657.44,816.8,5,40,24.64,0,0.18,2022,7,15,4,1488,2,0,0,0,1,0,1,0,0,0,0,1,1,2,0,-0.48535555310265927,0.0571833462893581,0.08730236522704611,-0.4332898179421179,-1.4067203910493116,-0.48535555310265927,0.3065374644978033,1.6502639433787158,2.6916335285580226,0.056791484884477494,-0.4740712599008843,-0.5237411405529497,7.978805299917833,0.2464,6.666666666666667,124448.36307692308,3.2441536320524693,4.963869458396343,0.0390015600624025,1.2630252827119748,-0.5504160365030778
62.0,737224.53,975200.85,771.7,2,28,39.98,0,0.26,2023,2,15,2,1273,1,1,0,0,0,0,1,0,0,0,0,2,1,1,1,0.010449082818633425,0.13094623478554188,0.1587088402818982,0.3771775771873877,1.4306806666476417,0.010449082818633425,-0.21415198795854046,1.0825083134436975,0.6115457939691334,-0.6414644768099186,0.3896536887762043,-0.8199607903087864,1.322800327872975,0.3998,4.666666666666667,15729.045967741935,3.7130841428107537,6.322973983814895,0.02440214738897023,-0.07407408182861716,0.43644614079756455
24.0,798653.83,1639061.21,607.2,1,57,34.29,1,0.26,2024,11,20,2,629,1,1,0,0,0,0,0,1,0,1,0,2,0,0,2,0.10227174833857641,0.14460706920994032,0.17193326861491742,0.527275561647561,-1.5643537831435868,0.10227174833857641,-0.061233728486072,-0.9883520219068724,-0.08181678422716306,1.0459874306182053,0.06927592098137815,-1.7072419737634785,2.052279909557311,0.3429,9.5,68294.21708333334,3.5635996376871786,5.85576638878294,0.028336639274582034,0.5501808716631023,0.5596054564798801
49.0,864848.61,785458.48,700.2,3,36,26.34,0,0.18,2024,2,5,0,918,1,1,0,0,1,0,0,1,0,0,0,2,1,2,0,0.2012177096812292,0.15932766555955657,0.18618360394561428,0.6890176466100236,0.40606361803485297,0.2012177096812292,-0.25785857855626965,0.18240792452232518,1.30490837216543,-0.17596050234698787,-0.37835206741385363,-1.3090676538591213,0.908203436899783,0.2634,6.0,16029.764897959183,3.3083508312958037,5.132250968142536,0.036576444769568395,-0.35698560700357884,0.6801376717786
38.0,303553.07,1181886.38,765.8,0,38,57.9,0,0.15,2023,1,21,5,1298,3,0,0,1,0,0,1,0,0,0,0,1,1,0,0,-0.6377899402066229,0.0345050575354814,0.06534855222968483,-0.6824667955126226,-0.46092003848366053,-0.6377899402066229,-0.166542590847159,1.008234295336898,-0.7751793624234595,-0.05958450873125519,1.3986465884041985,-0.7855166449883403,3.8935082422325684,0.579,6.333333333333333,31102.273157894735,4.075841090657541,7.60920495189872,0.01697792869269949,0.16574191160633178,-1.0741719682772914
46.0,279130.14,1212250.55,746.2,2,40,65.94,0,0.18,2022,10,31,0,1380,2,1,0,0,1,0,1,0,0,1,0,0,1,1,0,-0.6742965996086833,0.029073812138111194,0.06009081223480705,-0.742142431855734,0.16961352989344017,-0.6742965996086833,-0.1595482945967756,0.7614934894227885,0.6115457939691334,0.056791484884477494,1.8513420634605084,-0.672539848337277,4.342958270289263,0.6594,6.666666666666667,26353.27282608696,4.203796695783181,8.120344820264716,0.014938751120406334,0.19660644323644302,-1.2317765675762227
64.0,486799.99,182266.2839,724.7,1,70,26.66,0,0.15,2018,10,3,2,2869,1,1,0,1,0,1,0,0,0,0,0,1,1,0,2,-0.3638779691647949,0.07525606451262407,0.10479773626379418,-0.2347164003341874,1.588314058741917,-0.3638779691647949,-0.39680210691363066,0.4908339319149633,-0.08181678422716306,1.8024313891204677,-0.3603343370633537,1.3789534469484939,0.37441718908005733,0.2666,11.666666666666666,2847.9106859375,3.319987326236612,5.163332257370234,0.036153289949385395,-2.6829074705548175,-0.2358379624930702
54.0,1193070.07,1480238.36,677.2,3,20,7.82,0,0.21,2021,3,21,6,1969,1,1,1,0,0,1,0,0,0,1,0,2,0,2,1,0.6918332520697538,0.23231855133547008,0.25684273851379186,1.491002686364269,0.8001470982705409,0.6918332520697538,-0.09781809961263982,-0.1071348579279065,1.30490837216543,-1.1069684512728493,-1.4211282114490351,0.13896421541243356,1.2406969189999042,0.0782,3.3333333333333335,27411.821481481482,2.1770218700187,2.7964262908219126,0.11337868480725623,0.4334416187312969,1.1475001251094534
30.0,368933.77,3897083.55,819.5,1,35,10.99,0,0.15,2021,11,2,1,1743,2,0,0,1,0,0,0,0,1,1,0,1,1,0,0,-0.5400608411031048,0.04904461630061903,0.07942363336381192,-0.5227138552610607,-1.0914536068607612,-0.5400608411031048,0.45889500172271824,1.684253748275048,-0.08181678422716306,-0.23414849915485422,-1.2426400701643954,-0.17241085828439937,10.563097951158008,0.1099,5.833333333333333,129902.78499999999,2.4840729690394228,3.315116890850155,0.08340283569641367,1.4393665899968873,-0.7180218514220118
56.0,694005.07,1436681.04,706.6,1,47,38.66,0,0.15,2019,9,30,0,2507,1,0,0,1,0,1,0,0,0,0,1,1,1,0,0,-0.05415406290388933,0.12133495992204979,0.1494046051471694,0.2715739998153991,0.957780490364816,-0.05415406290388933,-0.10785139872645548,0.26297635094325894,-0.08181678422716306,0.4641074625395419,0.3153305510803922,0.8802022227084341,2.070130467490677,0.38659999999999994,7.833333333333333,25655.018571428573,3.68034312309165,6.217716622683925,0.02521432173474534,0.3987110081527806,0.3421268758035587
34.0,694039.13,503633.56,651.4,0,39,44.25,0,0.26,2022,11,11,4,1369,1,1,0,0,0,1,0,0,0,0,0,1,0,0,0,-0.054103151042813026,0.12134253428836189,0.1494119375443972,0.27165722292474137,-0.776186822672211,-0.054103151042813026,-0.32277611067457185,-0.43192632693729766,-0.7751793624234595,-0.001396511923388845,0.6300777781406874,-0.6876952722782733,0.7256558574730505,0.4425,6.5,14812.751764705883,3.8122026701459353,6.652067347825035,0.022099447513812154,-0.984041105330769,0.34220397281689824
45.0,821120.39,1551872.92,603.1,0,77,17.03,0,0.21,2020,7,18,5,2215,3,1,1,0,0,0,1,0,0,1,0,2,0,0,2,0.13585408485004144,0.14960325110108694,0.17676984354918296,0.5821709515307855,0.09079683384630259,0.13585408485004144,-0.08131729177215348,-1.0399661700827836,-0.7751793624234595,2.2097473667755323,-0.90255540979871,0.4778946053656234,1.8899456631444749,0.1703,12.833333333333334,34486.06488888889,2.8920370372152258,4.12674205639267,0.05546311702717693,0.4879119025258075,0.6018237280136924
35.0,1349766.46,2067056.91,697.2,2,44,55.25,0,0.21,2023,2,24,4,1264,1,0,1,0,0,1,0,0,0,0,0,3,0,1,0,0.9260582913775848,0.26716517076123214,0.29057615529695285,1.8738788108062738,-0.6973701266250734,0.9260582913775848,0.037353808064085565,0.14464147463751234,0.6115457939691334,0.28954347211594283,1.2494372589391214,-0.832360682624147,1.531418190669814,0.5525,7.333333333333333,59058.76885714285,4.029806041084529,7.433034373659253,0.017777777777777778,0.8059504706970665,1.3186984214061037
28.0,1275754.76,1409473.18,716.2,1,33,28.62,1,0.21,2018,7,2,0,2962,2,0,1,0,0,1,0,0,0,0,0,3,1,0,0,0.8154278337024629,0.2507062239855363,0.27464300251066165,1.6930366557357943,-1.2490869989550364,0.8154278337024629,-0.1141186483558363,0.38382899057466024,-0.08181678422716306,-0.3505244927705869,-0.2499757386665418,1.5070856675405535,1.1048151448794123,0.2862,5.5,50338.32785714285,3.3884498088396526,5.349766350038102,0.033760972316002696,0.37635299588868126,1.2410020071638543
34.0,389635.43,934821.64,656.9,1,33,60.69,0,0.21,2023,1,19,3,1300,3,1,1,0,0,1,0,0,0,0,0,1,0,0,0,-0.5091166238991389,0.05364831436604045,0.08388026267660778,-0.47213086895029716,-0.776186822672211,-0.5091166238991389,-0.2234532188861911,-0.3626878354818075,-0.08181678422716306,-0.3505244927705869,1.5557386748976196,-0.7827611133627046,2.399221343911153,0.6069,5.5,27494.75411764706,4.122121843221548,7.790378681424928,0.016210082671421624,-0.12826642651612524,-0.6208781265051392
43.0,170443.22,831091.8,730.3,0,28,35.19,0,0.26,2018,3,13,1,3073,1,0,0,0,0,0,0,0,0,1,0,0,1,0,1,-0.8367585306668724,0.004903684557008341,0.03669281837395241,-1.007710941169435,-0.06683655824797259,-0.8367585306668724,-0.24734707901689332,0.5613313050332794,-0.7751793624234595,-0.6414644768099186,0.11995078759215902,1.6600176727633342,4.876062538597898,0.3519,4.666666666666667,19327.71627906977,3.588782837575651,5.932115979985556,0.027631942525559547,-0.2817875352070834,-2.2158147262300996
60.0,372059.43,828674.88,616.6,1,57,58.12,1,0.21,2022,8,4,3,1468,0,1,1,0,0,0,0,1,0,0,0,1,0,0,2,-0.5353886987751105,0.04973971007064351,0.08009652181709699,-0.5150765345345054,1.2730472745533665,-0.5353886987751105,-0.24790380935048967,-0.8700171456011259,-0.08181678422716306,1.0459874306182053,1.4110337780201672,-0.5512964568093067,2.2272648216442197,0.5811999999999999,9.5,13811.248,4.079569276639947,7.623647421018367,0.016914749661705007,-0.28564180389244087,-0.70293877691038
41.0,563329.37,1604694.3,581.2,2,52,13.67,1,0.15,2021,7,19,0,1849,1,1,0,1,0,0,0,1,0,0,0,1,0,1,0,-0.24948415933481763,0.0922749006182263,0.12127289227534564,-0.04772247902974943,-0.2244699503422478,-0.24948415933481763,-0.06915004399050573,-1.315661254241917,0.6115457939691334,0.7550474465788736,-1.0917415784789588,-0.026367682125707805,2.8485898045756075,0.1367,8.666666666666666,39138.88536585366,2.6858045921548905,3.69729630946723,0.0681663258350375,0.5261338356574243,0.00725372756497745
36.0,442898.14,367696.52,797.6,3,23,38.3,1,0.15,2024,5,5,6,828,2,0,0,1,0,1,0,0,0,0,0,1,1,2,1,-0.42950113088496283,0.06549303768707376,0.09534659700269303,-0.34198734757065047,-0.6185534305779358,-0.42950113088496283,-0.35408880353461747,1.4085586641159147,1.30490837216543,-0.9324044608492503,0.29506060443607984,-1.4330665770127273,0.8302056089014056,0.38299999999999995,3.8333333333333335,10213.792222222222,3.6712245188752153,6.18869937870632,0.025445292620865142,-1.4682007361668996,-0.3971361932137341
65.0,1594936.4,758948.19,708.7,1,35,41.59,0,0.15,2020,11,9,0,2101,3,1,0,1,0,0,0,0,0,0,0,3,1,0,0,1.2925309257094837,0.3216868071168426,0.34335605513205814,2.472933559016357,1.6671307547890544,1.2925309257094837,-0.26396514501086316,0.28941286586262815,-0.08181678422716306,-0.23414849915485422,0.48030539460215727,0.3208293027043891,0.4758485604817847,0.41590000000000005,5.833333333333333,11676.125999999998,3.751619483935122,6.449030934954491,0.0234796900680911,-0.403182953565105,1.543428902900113
38.0,545975.38,3008423.89,747.8,4,42,62.36,1,0.18,2020,3,25,2,2330,2,1,0,0,1,0,0,1,0,1,0,1,1,2,0,-0.27542438035648703,0.08841566758134217,0.11753694547069488,-0.09012567947875348,-0.46092003848366053,-0.27542438035648703,0.25419489209334445,0.7816355960280209,1.9982709503617262,0.17316747850021016,1.6497687051642909,0.6363376738396755,5.510182327269043,0.6236,7.0,79169.0497368421,4.14883274750617,7.896834808959853,0.015782828282828284,1.19191302859526,-0.04422760831338453
44.0,774165.95,3090788.17,558.0,3,24,36.69,1,0.15,2022,3,7,0,1618,0,1,0,1,0,0,0,0,1,1,0,2,0,2,1,0.06566800363478678,0.1391613800341799,0.1666615462595011,0.4674412247480262,0.011980137799164995,0.06566800363478678,0.27316725902349676,-1.6077218000178033,1.30490837216543,-0.874216464041384,0.2044088986101273,-0.34463158488663,3.9924103740289794,0.3669,4.0,70245.18568181818,3.629394807279044,6.057227088363123,0.026532236667551078,1.2184296691718923,0.5119258764317759
46.0,608935.65,349863.04,770.0,1,23,17.87,0,0.26,2024,1,4,3,950,2,1,0,0,0,1,0,0,0,0,0,1,1,0,1,-0.18131326703995387,0.10241696376712683,0.13109095924657288,0.06371311777383329,0.16961352989344017,-0.18131326703995387,-0.35819669261227993,1.0611073251756364,-0.08181678422716306,-0.9324044608492503,-0.8552588676286477,-1.2649791478489503,0.5745484600876956,0.1787,3.8333333333333335,7605.718260869565,2.9375733593804587,4.22729227756965,0.05299417064122946,-1.5479637941640119,0.13390368616612536
45.0,446570.14,445971.56,650.9,1,29,15.24,0,0.15,2018,11,6,1,2835,3,1,0,1,0,0,0,0,1,0,0,1,0,0,1,-0.42401233599735655,0.0663096282066856,0.09613710089641878,-0.33301508516593875,0.09079683384630259,-0.42401233599735655,-0.3360583808762472,-0.4382207352514331,-0.08181678422716306,-0.5832764800020522,-1.0033420889468188,1.3321094093126873,0.998659605857212,0.1524,4.833333333333333,9910.479111111112,2.787477334733532,3.903844259188627,0.06157635467980295,-1.1670431788954894,-0.3829196962892381
65.0,187466.15,814692.15,629.5,4,30,45.15,1,0.15,2023,8,24,3,1083,2,0,0,1,0,0,0,0,1,1,0,0,0,2,1,-0.8113131681516003,0.008689295464964726,0.04035749496644172,-0.9661166615242717,1.6671307547890544,-0.8113131681516003,-0.25112468961855305,-0.707621411096431,1.9982709503617262,-0.5250884831941859,0.6807526447514683,-1.0817362947441769,4.345809363450416,0.4515,5.0,12533.725384615385,3.8318969609488613,6.719374970932936,0.021668472372697724,-0.3082147233529823,-2.018039963722139
61.0,517497.67,1839147.42,685.2,1,27,19.35,0,0.18,2018,5,12,5,3013,3,0,0,0,1,1,0,0,0,0,0,1,0,0,1,-0.3179920026491705,0.08208270788464961,0.11140629714842024,-0.1597088730531769,1.351863970600504,-0.3179920026491705,-0.015144465108992512,-0.00642432490173896,-0.08181678422716306,-0.6996524736177849,-0.7719268647575857,1.5773517239942636,3.5539240592136387,0.1935,4.5,30149.95770491803,3.013080911888604,4.398863489584555,0.04914004914004914,0.6788608499871339,-0.13313673991369943
49.0,3236671.39,273968.37,616.7,3,45,39.71,1,0.21,2023,2,21,1,1267,2,0,1,0,0,0,0,1,0,0,0,3,0,2,0,3.7465468897389798,0.686780823606229,0.6967868563468709,6.4843924722180875,0.40606361803485297,3.7465468897389798,-0.37567880412084687,-0.8687582639382985,1.30490837216543,0.3477314689238092,0.3744512287929702,-0.8282273851856935,0.08464509892677118,0.3971,7.5,5591.191224489796,3.7064737625148876,6.30158710167526,0.024563989191844757,-1.9538011520575411,2.4149721050903805
35.0,272541.96,947549.02,689.9,1,59,40.45,1,0.21,2024,10,22,1,658,2,0,1,0,0,0,0,1,0,1,0,0,0,0,2,-0.6841444124361968,0.02760871264750763,0.058672516498814116,-0.7582401659868543,-0.6973701266250734,-0.6841444124361968,-0.22052150475696564,0.05274311325113361,-0.08181678422716306,1.162363424233938,0.4161172302285014,-1.6672867651917609,3.476708760735411,0.4045,9.833333333333334,27072.829142857143,3.724487881581304,6.360031446463139,0.024125452352231604,-0.11087936327651833,-1.2771571968431854
65.0,199151.24,706497.25,679.8,1,27,52.61,1,0.26,2020,1,10,4,2405,2,0,0,0,0,0,0,1,0,0,1,0,0,0,1,-0.7938466479301354,0.011287861291438314,0.04287304756544383,-0.9375650020191866,1.6671307547890544,-0.7938466479301354,-0.27604706304027354,-0.07440393469440319,-0.08181678422716306,-0.6996524736177849,1.1007909835474972,0.7396701098010139,3.547541305793527,0.5261,4.5,10869.188461538462,3.9817356178394463,7.2532751223154355,0.018653236336504384,-0.5007209981777476,-1.89441776071203
21.0,1567533.8,2490951.37,769.5,0,40,36.35,0,0.21,2020,3,5,3,2350,1,0,1,0,0,0,1,0,0,1,0,3,1,0,0,1.2515703454297673,0.3155929336493276,0.33745685524147834,2.405977317793222,-1.8008038712849996,1.2515703454297673,0.1349966361781515,1.0548129168615008,-0.7751793624234595,0.056791484884477494,0.18526506011272137,0.6638929900960324,1.589089415488202,0.3635,6.666666666666667,118616.73190476191,3.6203329115788265,6.029096117993144,0.02677376171352075,1.0019485008398583,1.5204519265603957
45.0,812723.01,304420.14,803.5,0,26,10.27,0,0.18,2024,4,29,0,834,1,1,0,0,1,0,0,1,0,0,0,2,1,0,1,0.1233019344106931,0.1477358162161256,0.17496206533918984,0.561652570029675,0.09079683384630259,0.1233019344106931,-0.36866432947100347,1.482832682222713,-0.7751793624234595,-0.7578404704256513,-1.2831799634530203,-1.4247999821358204,0.37456813238251985,0.1027,4.333333333333333,6764.892000000001,2.422144328051685,3.2046840717924128,0.08873114463176575,-1.77608254565259,0.586208587098809
27.0,599038.37,1050501.71,801.1,5,19,35.66,0,0.15,2018,9,15,5,2887,2,1,0,1,0,1,0,0,0,0,1,1,1,2,1,-0.19610742277666626,0.10021597656180445,0.12896028430722267,0.03952984074417497,-1.327903695002174,-0.19610742277666626,-0.1968066588173638,1.452619522314863,2.6916335285580226,-1.1651564480807157,0.14641432904445567,1.4037532315792152,1.7536467822587056,0.3566,3.1666666666666665,38907.47074074074,3.6016862424115588,5.9715994507334464,0.02727768685215494,0.019977951004139745,0.1074125416261011
29.0,1143347.16,747487.9,520.2,1,21,22.13,1,0.18,2021,6,11,4,1887,1,1,0,0,1,1,0,0,0,0,0,2,0,0,1,0.617508945369071,0.22126101949627824,0.24613844821902747,1.3695084063953513,-1.170270302907899,0.617508945369071,-0.26660498872716776,-2.0835790685664444,-0.08181678422716306,-1.048780454464983,-0.6153978323376179,0.0259874187613703,0.6537715981207318,0.2213,3.5,25775.44482758621,3.141130476243348,4.70425339453563,0.043233895373973194,-0.4237723231312159,1.0874249211245235
44.0,342036.91,2754810.59,619.9,1,36,50.21,0,0.26,2024,9,22,6,688,3,1,0,0,0,0,0,0,1,0,0,1,0,0,0,-0.580265456479102,0.04306321083130346,0.07363330859284345,-0.5884343579252205,0.011980137799164995,-0.580265456479102,0.1957758227350399,-0.8284740507278323,-0.08181678422716306,-0.17596050234698787,0.9656580059187481,-1.6259537908072257,8.054132491139626,0.5021,6.0,62609.33159090909,3.935934825474459,7.08590149522275,0.019527436047646944,1.1043028857431398,-0.8545384649560062
21.0,509595.67,1496076.92,519.4,4,24,69.58,1,0.15,2023,1,26,3,1293,3,1,0,1,0,0,0,1,0,0,1,1,0,2,1,-0.3298036740004408,0.08032543710960258,0.10970516376927512,-0.17901682989468887,-1.8008038712849996,-0.3298036740004408,-0.09416973442368617,-2.093650121869062,1.9982709503617262,-0.874216464041384,2.056293746197445,-0.7924054740524296,2.9358116798755374,0.6958,4.0,71241.7580952381,4.256746818247124,8.341462701469089,0.014168319637291017,0.44576031736284294,-0.15885743536358554
64.0,913770.54,653389.72,684.0,1,17,24.37,0,0.18,2020,9,1,1,2170,2,1,0,0,1,0,0,1,0,0,0,2,0,0,1,0.2743447356278064,0.1702070730320821,0.19671546019658875,0.8085547907562486,1.588314058741917,0.2743447356278064,-0.28828022462335395,-0.021530904855664664,-0.08181678422716306,-1.2815324416964484,-0.48927371988411855,0.41589514378882037,0.7150479156397404,0.2437,2.8333333333333335,10209.214375,3.2335673736111907,4.9365980188789935,0.039416633819471816,-0.6089996271639063,0.7622818439631868
28.0,4584770.0,1789363.47,641.3,1,41,50.91,1,0.15,2020,11,13,4,2097,0,0,0,1,0,0,0,1,0,1,0,3,0,0,0,5.761644046208779,0.9865750895179636,0.9870039588335975,9.7783724494368,-1.2490869989550364,5.761644046208779,-0.02661204992406475,-0.5590733748828345,-0.08181678422716306,0.11497948169234384,1.0050717910604663,0.3153182394531177,0.39028423890402353,0.5091,6.833333333333333,63905.838214285715,3.9495114498391377,7.135124385741288,0.019264110961279137,0.6485097846699565,2.7993173092951613
45.0,284162.24,749993.49,720.8,2,4,11.63,0,0.18,2018,9,28,4,2874,1,2,0,0,1,0,0,0,1,0,0,0,1,1,1,-0.6667747682486823,0.0301928658292165,0.06117411687631503,-0.7298468649584712,0.09079683384630259,-0.6667747682486823,-0.2660278335227938,0.4417375470647054,0.6115457939691334,-2.0379764001987106,-1.2066046094633955,1.385842276012583,2.639314393073478,0.11630000000000001,0.6666666666666666,16666.522,2.5360749363624,3.410278580995987,0.0791765637371338,-0.41923781703059054,-1.1979759850471277
31.0,1092964.13,1981829.17,651.0,2,28,49.97,0,0.21,2021,1,23,5,2026,0,1,1,0,0,0,1,0,0,0,0,2,0,1,1,0.542197911195293,0.21005668816530912,0.23529204805761655,1.2464011716719139,-1.0126369108136237,0.542197911195293,0.017721851639436143,-0.43696185358860573,0.6115457939691334,-0.6414644768099186,0.952144708155873,0.21749686674305072,1.813260943888433,0.4997,4.666666666666667,63929.97322580645,3.93123722435195,7.068946173228369,0.019619383951343928,0.760537067749464,1.0232492981146182
37.0,666644.02,834047.89,653.1,0,20,47.93,0,0.15,2018,5,22,1,3003,2,1,0,1,0,0,0,1,0,1,0,1,0,0,1,-0.09505253549635632,0.11525032646980982,0.1435143500923152,0.20471928296669628,-0.5397367345307982,-0.09505253549635632,-0.24666615247739646,-0.41052533866923646,-0.7751793624234595,-1.1069684512728493,0.8372816771714363,1.563574065866085,1.251114335353972,0.4793,3.3333333333333335,22541.834864864864,3.8903907053010323,6.9231495722683905,0.020437359493153485,-0.2770921434910681,0.2786750103201413
45.0,591066.37,2060103.14,703.6,0,32,62.76,0,0.21,2020,6,20,5,2243,2,1,1,0,0,0,0,1,0,0,0,1,1,0,1,-0.2080237280174062,0.09844313897401971,0.12724408140940635,0.020050844042006737,0.09079683384630259,-0.2080237280174062,0.03575202782648881,0.2252099010584461,-0.7751793624234595,-0.40871248957845324,1.6722908681024158,0.5164720481245231,3.4854007004323386,0.6275999999999999,5.333333333333333,45780.069777777775,4.15512603448196,7.922120928135343,0.015683814303638646,0.8023321091277926,0.08568784005795405
55.0,538072.68,1336089.16,336.81,0,40,33.69,0,0.15,2018,10,1,0,2871,3,0,0,1,0,0,0,1,0,0,0,1,0,0,0,-0.287237098046652,0.08665824113816777,0.11583566139636307,-0.10943534671887188,0.8789637943176785,-0.287237098046652,-0.13102243910407863,-4.392242150025053,-0.7751793624234595,0.056791484884477494,0.03549267657419076,1.3817089785741297,2.4831016508773494,0.3369,6.666666666666667,24292.53018181818,3.5464514609816584,5.80430874437258,0.028826751225136928,0.3133041387521333,-0.06832956064790835
55.0,252317.72,9648796.56,627.1,0,23,14.85,0,0.21,2024,5,12,6,821,2,0,1,0,0,0,0,1,0,0,0,0,0,0,1,-0.7143749966185831,0.02311118469261808,0.05431866560893288,-0.8076566115794107,0.8789637943176785,-0.7143749966185831,1.783784986830961,-0.737834571004281,-0.7751793624234595,-0.9324044608492503,-1.0253011978114905,-1.4427109377024523,38.240661654678874,0.1485,3.8333333333333335,175432.66472727273,2.7631695003232895,3.8535697735995385,0.06309148264984227,2.1989437839304706,-1.4251810901715003
53.0,917767.11,948818.49,652.2,1,52,11.87,0,0.18,2019,4,10,2,2680,3,1,0,0,1,0,0,0,1,1,0,2,0,0,0,0.2803186879654862,0.17109584241469786,0.19757583714281626,0.8183201161262917,0.7213304022234033,0.2803186879654862,-0.2202290861181234,-0.42185527363468006,-0.08181678422716306,0.7550474465788736,-1.1930913117005209,1.1185557083259212,1.0338336160248758,0.11869999999999999,8.666666666666666,17902.23566037736,2.554899021608035,3.4452866353904428,0.07770007770007771,-0.10916088124066115,0.7687571374542952
25.0,351425.16,1287230.54,674.8,0,24,18.46,0,0.18,2021,5,16,6,1913,3,0,0,0,1,0,0,0,0,0,0,1,0,0,1,-0.5662321834389142,0.0451509983982277,0.07565440014520475,-0.5654948583279888,-1.4855370870964493,-0.5662321834389142,-0.1422768769057674,-0.1373480178357579,-0.7751793624234595,-0.874216464041384,-0.8220386772949135,0.061809329894634266,3.6628866868837737,0.18460000000000001,4.0,51489.221600000004,2.968361076757859,4.296510211788167,0.051387461459403906,0.2689163797406191,-0.8054603147162401
62.0,298394.02,703907.81,695.8,0,19,9.23,0,0.18,2021,8,12,3,1825,1,1,0,0,1,1,0,0,0,0,0,0,0,0,1,-0.6455015325990263,0.03335777231756108,0.06423791793967237,-0.6950725554143186,1.4306806666476417,-0.6455015325990263,-0.2766435328427609,0.12701713135793188,-0.7751793624234595,-1.1651564480807157,-1.3417375870921449,-0.05943406163333608,2.358987656656122,0.09230000000000001,3.1666666666666665,11353.351774193548,2.325324579963535,3.0380915061926625,0.09775171065493646,-0.5057654512201036,-1.1061594621382846
59.0,879406.41,986461.66,802.5,0,28,17.47,0,0.21,2018,10,15,0,2857,3,1,1,0,0,0,0,0,0,0,0,2,1,0,1,0.2229782701972408,0.16256507336631182,0.18931759021578876,0.7245885620880499,1.1942305785062288,0.2229782701972408,-0.21155809386694238,1.4702438655944419,-0.7751793624234595,-0.6414644768099186,-0.8777810305667727,1.3624202571946797,1.1217358081344893,0.1747,4.666666666666667,16719.689152542374,2.9161477942111484,4.179712908801273,0.05414185165132648,-0.05945153377097463,0.7051558286151304
61.0,885285.21,182266.2839,758.1,0,22,42.52,0,0.15,2020,5,25,0,2269,1,1,0,1,0,0,0,1,0,0,0,2,1,0,1,0.23176572318886915,0.16387241877663153,0.1905831714495673,0.7389529782712794,1.351863970600504,0.23176572318886915,-0.39680210691363066,0.9113004072992125,-0.7751793624234595,-0.9905924576571167,0.5326694234332976,0.552293959257787,0.20588425271444444,0.4252,3.6666666666666665,2987.971867213115,3.773220602547687,6.520736154760443,0.022977941176470586,-2.6829074705548175,0.7151175829452538
48.0,564361.37,1363968.21,632.3,1,43,40.71,0,0.15,2023,6,16,4,1152,1,1,0,1,0,0,1,0,0,0,0,1,0,0,0,-0.24794155685006553,0.09250439991458778,0.12149506003632739,-0.045200862798359866,0.3272469219877154,-0.24794155685006553,-0.12460058285445116,-0.6723727245372729,-0.08181678422716306,0.2313554753080765,0.4307566361382824,-0.9866704536597456,2.41683481986019,0.4071,7.166666666666667,28416.004375,3.730740908208854,6.380438856379708,0.02397506593143131,0.3377472803868042,0.0102547769032383
27.0,978473.51,2520611.15,670.4,3,57,64.37,0,0.15,2024,2,6,1,917,2,2,0,1,0,0,0,0,0,0,1,2,0,2,2,0.3710607843611781,0.18459591614012372,0.21064464040372924,0.9666517475112021,-1.327903695002174,0.3710607843611781,0.14182867828703158,-0.19273881100014975,1.30490837216543,1.0459874306182053,1.7629425739283686,-1.3104454196719393,2.576064782785995,0.6437,9.5,93355.96851851851,4.180063437624638,8.023091673413685,0.015297537096527458,1.0141045875610968,0.8631238758842166
29.0,1183829.55,1299696.07,665.3,2,54,42.39,0,0.15,2021,1,25,0,2024,1,0,0,1,0,1,0,0,0,1,0,2,0,1,0,0.6780208013794423,0.23026361641491355,0.25485345010419197,1.4684241541758192,-1.170270302907899,0.6780208013794423,-0.13940547914524762,-0.25694177580433186,0.6115457939691334,0.8714234401946063,0.5253497204784069,0.21474133511741503,1.0978743265869653,0.4239,9.0,44817.105862068966,3.7702289998102594,6.510760324263211,0.023046784973496198,0.28043572904198155,1.1365667753524566
28.0,1109614.53,392502.03,651.4,0,6,31.89,0,0.15,2021,4,29,3,1930,2,1,0,1,0,0,0,0,0,1,0,2,0,0,1,0.5670864270985065,0.2137594547197059,0.23887652682452593,1.2870852016129304,-1.2490869989550364,0.5670864270985065,-0.3483749280826671,-0.43192632693729766,-0.7751793624234595,-1.9216004065829781,-0.065857056647371,0.08523134871253762,0.3537282717449636,0.3189,1.0,14017.929642857143,3.4931686602009657,5.6471231613982,0.030404378230465188,-1.3648340367703466,1.0448458567587027
32.0,404111.68,561714.5,710.4,0,30,38.5,0,0.26,2019,3,23,5,2698,2,0,0,0,0,0,0,1,0,0,0,1,1,0,1,-0.48747796186435954,0.05686758683595623,0.08699669295753024,-0.4367592149099355,-0.9338202147664861,-0.48747796186435954,-0.30939733888990784,0.3108138541306879,-0.7751793624234595,-0.5250884831941859,0.30632168590514247,1.1433554929566425,1.389998180700939,0.385,5.0,17553.578125,3.676300671907076,6.2048368229954285,0.02531645569620253,-0.8240680149716552,-0.5565733669406524
54.0,943883.2,182266.2839,550.5,0,8,15.43,0,0.15,2024,12,6,4,613,2,0,0,1,0,0,0,1,0,0,1,2,0,0,1,0.3193562318860376,0.1769036178785675,0.20319807865531406,0.882132864618957,0.8001470982705409,0.3193562318860376,-0.39680210691363066,-1.7021379247298354,-0.7751793624234595,-1.8052244129672455,-0.9926440615512094,-1.729286226768564,0.19310258292551452,0.1543,1.3333333333333333,3375.301553703704,2.799108932049177,3.928103868280471,0.06086427267194157,-2.6829074705548175,0.8102502221466462
53.0,607071.91,1953721.95,756.1,1,50,39.71,1,0.15,2019,12,23,0,2423,1,0,0,1,0,0,0,1,0,0,1,1,1,0,0,-0.18409912939938397,0.10200249960181601,0.13068973546473944,0.05915920591812596,0.7213304022234033,-0.18409912939938397,0.01124743710893194,0.8861227740426706,-0.08181678422716306,0.6386714529631409,0.3744512287929702,0.7644698944317351,3.2182710446938647,0.3971,8.333333333333334,36862.67830188679,3.7064737625148876,6.30158710167526,0.024563989191844757,0.7450309646980975,0.1289550454251304
43.0,1396178.3,36795450.45999997,817.0,0,45,59.74,0,0.21,2023,12,4,0,981,2,1,1,0,0,1,0,0,0,1,0,3,1,0,0,0.995433310472465,0.2774863767911181,0.3005676422890488,1.987282734326289,-0.06683655824797259,0.995433310472465,8.036935973115929,1.6527817067043706,-0.7751793624234595,0.3477314689238092,1.5022485379195731,-1.222268407651597,26.354406496648725,0.5974,7.5,855708.1502325574,4.106602459617603,7.7291655435758395,0.016463615409944024,3.0675643591208757,1.3648452910582325
44.0,504816.07,965019.89,669.8,1,27,17.55,1,0.21,2021,9,13,0,1793,2,1,1,0,0,0,1,0,0,0,0,1,0,0,1,-0.3369480759734263,0.07926253513587253,0.10867621703440271,-0.19069543158029886,0.011980137799164995,-0.3369480759734263,-0.21649714181432847,-0.2002921009771126,-0.08181678422716306,-0.6996524736177849,-0.8732765979791476,-0.10352256764350712,1.9116267237689164,0.17550000000000002,4.5,21932.27022727273,2.920469789053444,4.189272013130682,0.053908355795148244,-0.08747422944808037,-0.17464944665736037
57.0,444160.21,884151.49,668.3,0,30,63.49,0,0.21,2019,2,11,0,2738,2,1,1,0,0,0,0,0,1,0,0,1,0,0,1,-0.4276146267009211,0.0657737006492433,0.09561829396597038,-0.33890357218581535,1.0365971864119536,-0.4276146267009211,-0.23512493723552724,-0.21917532591951902,-0.7751793624234595,-0.5250884831941859,1.7133938154644939,1.1984661254693563,1.9906139048340237,0.6349,5.0,15511.429649122807,4.166510173022286,7.968061244744546,0.015506280043417583,-0.20048977925824107,-0.3922339876789999
55.0,385544.43,2789600.42,701.8,3,43,32.2,0,0.18,2022,9,22,3,1419,2,1,0,0,1,0,1,0,0,0,0,1,1,2,0,-0.5152317273537134,0.05273854535304154,0.08299955694969274,-0.48212692709236565,0.8789637943176785,-0.5152317273537134,0.20378955660362497,0.20255003112755754,1.30490837216543,0.2313554753080765,-0.04840238037032409,-0.6188069816373811,7.235483651002298,0.322,7.166666666666667,50720.00763636363,3.502549875922443,5.674504383644443,0.03012048192771084,1.116895810009932,-0.639574417523754
64.0,599654.14,1045177.12,766.5,0,33,17.46,0,0.21,2019,11,25,0,2451,0,1,1,0,0,0,0,0,0,0,0,1,1,0,0,-0.195186988346399,0.10035291336579719,0.12909284655739683,0.041034429529836595,1.588314058741917,-0.195186988346399,-0.19803316228746784,1.017046466976688,-0.7751793624234595,-0.3505244927705869,-0.8783440846402257,0.8030473371906348,1.742966570696902,0.1746,5.5,16330.8925,2.9156062290747062,4.178516483155236,0.05417118093174431,0.013603428148778325,0.10907607107262429
60.0,698505.97,1734491.85,665.7,0,60,30.27,1,0.21,2019,5,10,4,2650,2,0,1,0,0,0,0,0,0,0,0,1,0,0,2,-0.0474262532879778,0.1223358837427799,0.15037355366984648,0.28257161851293916,1.2730472745533665,-0.0474262532879778,-0.03925156439188848,-0.25190624915302234,-0.7751793624234595,1.2205514210418043,-0.15707181654677677,1.0772227339413858,2.483145348063382,0.30269999999999997,10.0,28908.197500000002,3.44265917146975,5.501817881391568,0.03197953309881676,0.6138304874305749,0.35227559985072227
42.0,705935.57,1443418.24,760.0,2,8,10.32,0,0.15,2020,8,5,2,2197,1,1,0,1,0,0,0,1,0,0,1,2,1,1,1,-0.03632071121364248,0.12398810077015138,0.15197298932584452,0.3007253006376793,-0.1456532542951102,-0.03632071121364248,-0.10629950474423623,0.935219158892927,0.6115457939691334,-1.8052244129672455,-1.2803646930857546,0.4530948207349022,2.044688355907608,0.1032,1.3333333333333333,34367.100952380955,2.4265710727750367,3.212475680841802,0.08833922261484099,0.4041669604105149,0.3688566680782274
47.0,654773.66,2549959.4,726.6,0,55,45.87,0,0.26,2018,1,23,1,3122,2,1,0,0,0,1,0,0,0,0,0,1,1,0,0,-0.11279599172785025,0.1126105597376803,0.1409589127829671,0.17571492981898562,0.24843022594057776,-0.11279599172785025,0.14858896038696429,0.5147526835086778,-0.7751793624234595,0.9296114370024726,0.7212925380400931,1.7275281975914087,3.894413529096451,0.4587,9.166666666666666,54254.45531914893,3.847377811934615,6.772739475278818,0.02133560913164071,1.0259611142589407,0.25016239278990837
55.0,781578.1,832853.82,644.7,0,77,12.46,0,0.18,2021,2,2,1,2016,2,1,0,0,1,0,0,1,0,0,0,2,0,0,2,0.07674746197524725,0.14080971647751891,0.16825722529977324,0.48555226907893145,0.8789637943176785,0.07674746197524725,-0.24694120295049335,-0.5162713983467121,-0.7751793624234595,2.2097473667755323,-1.1598711213667865,0.20371920861487228,1.0656053694442051,0.1246,12.833333333333334,15142.796727272726,2.599722324216582,3.529872518944558,0.07429420505200594,-0.27898631245333616,0.5265476719299629
21.0,478112.81,3644503.61,665.4,1,4,16.97,1,0.26,2022,8,26,4,1446,2,1,0,0,0,0,1,0,0,0,0,1,0,0,1,-0.37686330390654743,0.07332418302292867,0.10292757024650215,-0.2559428868584149,-1.8008038712849996,-0.37686330390654743,0.40071396376699436,-0.25568289414150447,-0.08181678422716306,-2.0379764001987106,-0.9059337342394288,-0.5816073046912993,7.6226855540641125,0.1697,0.6666666666666666,173547.79095238095,2.8887037007954675,4.119465984809196,0.05564830272676684,1.3767022865656273,-0.2663266403794526
55.0,438399.88,245250.76,541.8,1,46,70.1,1,0.26,2019,7,12,4,2587,2,1,0,0,0,0,0,0,1,0,0,1,0,0,0,-0.4362249943084715,0.06449270095756693,0.0943782168161487,-0.3529785156220172,0.8789637943176785,-0.4362249943084715,-0.3822938201724291,-1.811660629395793,-0.08181678422716306,0.40591946573167553,2.085572558017007,0.9904234877338617,0.5594225071411972,0.701,7.666666666666667,4459.104727272727,4.264087336809195,8.372574275573792,0.014064697609001408,-2.14520484853756,-0.4147466085763833
57.0,318728.4,1794490.06,582.5,2,47,27.71,1,0.15,2022,6,5,6,1528,3,1,0,1,0,0,0,1,0,0,0,1,0,1,0,-0.615106314465409,0.037879793540378195,0.06861547964078861,-0.6453869908181525,1.0365971864119536,-0.615106314465409,-0.025431155165069084,-1.2992957926251654,0.6115457939691334,0.4641074625395419,-0.3012136593507759,-0.468630508040236,5.6301542630026065,0.2771,7.833333333333333,31482.281754385967,3.3572454941329726,5.264028875300743,0.034831069313827935,0.6516829200377091,-0.9837554606694052
34.0,923825.15,536792.17,690.9,0,35,12.12,0,0.21,2020,7,29,2,2204,2,1,1,0,0,0,0,0,0,0,0,2,0,0,0,0.28937406350495093,0.17244304776094765,0.19888000495554675,0.8331224920898647,-0.776186822672211,0.28937406350495093,-0.3151381234814121,0.06533192987940455,-0.7751793624234595,-0.23414849915485422,-1.1790149598641928,0.4627391814246271,0.5810538606791557,0.12119999999999999,5.833333333333333,15788.005000000001,2.574137783515943,3.481379037105842,0.07621951219512195,-0.8900989919926823,0.7785078831583718
23.0,699889.17,697372.73,767.1,0,9,32.67,0,0.18,2021,5,30,6,1899,3,1,0,0,1,0,1,0,0,0,0,1,1,0,1,-0.04535868763205804,0.12264348396247682,0.15067132735879024,0.28595136615950717,-1.6431704791907245,-0.04535868763205804,-0.2781488690841255,1.024599756953651,-0.7751793624234595,-1.747036416159379,-0.021938838918027434,0.04252060851518444,0.996404516446511,0.3267,1.5,30320.55347826087,3.516607233172983,5.715767664977295,0.0297000297000297,-0.5185984575377124,0.35537863484989635
21.0,194714.42,1466794.53,641.1,0,25,37.99,0,0.26,2022,7,15,4,1488,2,1,0,0,0,0,1,0,0,1,0,0,0,0,1,-0.8004786726940867,0.010301187775854398,0.04191789411071609,-0.9484060459414285,-1.8008038712849996,-0.8004786726940867,-0.10091484586849966,-0.5615911382084878,-0.7751793624234595,-0.8160284672335176,0.27760592815903334,-0.5237411405529497,7.533055487107734,0.3799,4.166666666666667,69847.35857142857,3.663305202994506,6.163602842493991,0.025647601949217745,0.422857614781146,-1.940301198555457
25.0,987779.12,1458590.96,672.7,0,59,46.14,0,0.15,2018,3,19,0,3067,0,0,0,1,0,1,0,0,0,0,1,2,0,0,2,0.3849705296209977,0.1866653259726959,0.21264794131290493,0.9893893223357961,-1.4855370870964493,0.3849705296209977,-0.10280451381894118,-0.16378453275512572,-0.7751793624234595,1.162363424233938,0.7364949980233275,1.6517510778864273,1.4766367606555604,0.46140000000000003,9.833333333333334,58343.638399999996,3.853121897507985,6.7926430790966785,0.021213406873143825,0.4163403711939073,0.8769641942762924
46.0,4645138.409999997,1505295.24,741.4,3,28,66.26,0,0.26,2021,9,7,1,1799,1,1,0,0,0,1,0,0,0,0,0,3,1,2,1,5.8518809253430115,0.9999999999999999,1.0,9.925878227071657,0.16961352989344017,5.8518809253430115,-0.09204632182881418,0.7010671696070871,1.30490837216543,-0.6414644768099186,1.8693597938110087,-0.09525597276660004,0.3240582103558892,0.6626000000000001,4.666666666666667,32723.80956521739,4.208565706312124,8.140024569987489,0.014867677668748141,0.4528564337487983,2.813226169414554
45.0,364486.84,373132.71,617.6,2,41,25.19,1,0.26,2020,3,17,1,2338,2,1,0,0,0,0,0,1,0,0,0,1,0,1,0,-0.5467079779902353,0.048055694492509696,0.07846630344003037,-0.5335796022260347,0.09079683384630259,-0.5467079779902353,-0.3528365933364342,-0.8574283289728549,0.6115457939691334,0.11497948169234384,-0.44310328586096254,0.6473598003422183,1.023720664372958,0.2519,6.833333333333333,8291.838,3.2653776585196206,5.018964036531842,0.038182512409316534,-1.4448281044294036,-0.7397484799693032
59.0,650104.26,2715050.64,644.2,0,30,31.49,0,0.15,2020,11,7,5,2103,1,1,0,1,0,0,0,1,0,1,0,1,0,0,1,-0.11977567006341365,0.11157216437486017,0.13995368977605996,0.1643055937425801,1.1942305785062288,-0.11977567006341365,0.18661723650658618,-0.5225658066608476,-0.7751793624234595,-0.5250884831941859,-0.088379219585496,0.3235848343300248,4.176331101106768,0.31489999999999996,5.0,46017.80745762712,3.4809323496810087,5.61159513863928,0.030778701138811947,1.0896692903530631,0.23877515231221103
47.0,416481.8,524157.25,602.4,1,39,46.87,0,0.18,2020,2,7,4,2377,2,1,0,0,1,0,0,1,0,0,0,1,0,0,0,-0.46898747945284647,0.05961849171571133,0.08965971801903751,-0.4065337348942023,0.24843022594057776,-0.46898747945284647,-0.31804853972463215,-1.0487783417225738,-0.08181678422716306,-0.001396511923388845,0.7775979453854053,0.7010926670421143,1.2585357871580463,0.46869999999999995,6.5,11152.281914893618,3.8684890034044175,6.846166810705097,0.020889910173386254,-0.9250317280550646,-0.5037874088796878
45.0,763423.96,575445.06,778.4,0,49,22.74,0,0.18,2019,3,30,5,2691,1,1,0,0,1,0,1,0,0,0,0,2,1,0,0,0.0496112008584476,0.13677254365189093,0.16434902313276825,0.44119396085129714,0.09079683384630259,0.0496112008584476,-0.3062345452313404,1.166853384853112,-0.7751793624234595,0.5804834561552745,-0.5810515338569775,1.1337111322669176,0.7537686661026464,0.2274,8.166666666666666,12787.668000000001,3.167161389181522,4.768647607026545,0.04212299915754002,-0.7892094998477571,0.49043301705039577
35.0,284558.78,1538821.95,805.6,3,45,5.0,0,0.26,2024,5,13,0,820,2,0,0,0,0,0,0,1,0,1,0,0,1,2,0,-0.6661820322125355,0.03028104959954518,0.06125948354679924,-0.7288779485821191,-0.6973701266250734,-0.6661820322125355,-0.08432354389545754,1.5092691971420822,1.30490837216543,0.3477314689238092,-1.5799094601628154,-1.44408870351527,5.407747214828514,0.05,7.5,43966.341428571424,1.791759469228055,2.23606797749979,0.16666666666666666,0.4782212196342826,-1.1953431537242314
35.0,519543.02,805561.78,571.5,0,36,62.38,1,0.26,2021,12,18,5,1697,2,0,0,0,0,0,0,0,0,0,0,1,0,0,0,-0.3149346751373607,0.0825375590336932,0.11184661772005203,-0.15471121049612968,-0.6973701266250734,-0.3149346751373607,-0.25322784319250596,-1.4377727755361456,-0.7751793624234595,-0.17596050234698787,1.6508948133111974,-0.2357880856740202,1.5505198780266551,0.6238,6.0,23016.050857142858,4.149148354262775,7.8981010375912515,0.015777847901546228,-0.32321292586899697,-0.1265563088090411
46.0,698016.16,1221735.06,679.3,0,26,38.12,0,0.21,2022,2,8,1,1645,2,1,1,0,0,1,0,0,0,1,0,1,0,0,1,-0.04815840650799362,0.12222695830639346,0.15026810794212705,0.2813748037393958,0.16961352989344017,-0.04815840650799362,-0.15736356592710596,-0.08069834300853866,-0.7751793624234595,-0.7578404704256513,0.28492563111392366,-0.30743190794054814,1.7502962395598405,0.3812,4.333333333333333,26559.457826086957,3.6666338451666167,6.174139616173252,0.02556237218813906,0.2060529250324504,0.3511749955893343
62.0,1066231.96,217592.54,676.1,1,18,36.89,0,0.26,2020,11,16,0,2094,2,0,0,0,0,0,1,0,0,0,0,2,0,0,1,0.5022394694658211,0.2041119069587046,0.22953717755850478,1.181083076931347,1.4306806666476417,0.5022394694658211,-0.3886648088883491,-0.12098255621900482,-0.08181678422716306,-1.223344444888582,0.2156699800791899,0.3111849420146642,0.20407617494414632,0.3689,3.0,3509.5570967741937,3.6346872250305093,6.073713855624086,0.026392187912377935,-2.3575780838822116,0.9877326505144506
33.0,683220.35,1201434.86,719.9,1,42,29.99,0,0.21,2023,3,4,5,1256,2,1,1,0,0,1,0,0,0,0,0,1,1,0,0,-0.07027473719590044,0.11893662111249967,0.14708288315568196,0.24522232830087234,-0.8550035187193485,-0.07027473719590044,-0.1620396566202496,0.43040761209926187,-0.08181678422716306,0.17316747850021016,-0.17283733060346426,-0.8433828091266897,1.7584881070945855,0.2999,7.0,36407.116969696974,3.433664571799657,5.476312628037227,0.032268473701193935,0.18572259594372292,0.31748282918599924
52.0,448437.72,36795450.45999997,653.3,1,39,23.87,0,0.15,2024,11,16,5,633,2,1,0,1,0,0,1,0,0,0,0,1,0,0,0,-0.4212207337217042,0.0667249463228666,0.09653915134899074,-0.3284517905521612,0.6425137061762657,-0.4212207337217042,8.036935973115929,-0.4080075753435832,-0.08181678422716306,-0.001396511923388845,-0.5174264235567746,-1.7017309105122072,82.05253220001202,0.23870000000000002,6.5,707604.816538461,3.2136622578153133,4.8856934001224435,0.04020908725371934,3.0675643591208757,-0.3757431620341845
59.0,225048.09,689070.61,574.0,0,40,75.35,1,0.18,2018,12,29,5,2782,3,1,0,0,1,0,0,0,1,1,0,0,0,0,0,-0.7551368173514028,0.017046881497813506,0.048448091345463296,-0.8742879503700967,1.1942305785062288,-0.7551368173514028,-0.2800612377339596,-1.4063007339654683,-0.7751793624234595,0.056791484884477494,2.381175946579896,1.2590878212333414,3.0618816182798976,0.7535,6.666666666666667,11679.162881355933,4.335328031664641,8.680437776978762,0.013097576948264572,-0.5351162937745523,-1.6491361340750812
52.0,4645138.409999997,230532.43,776.5,0,34,43.35,0,0.15,2019,6,9,6,2620,0,0,0,1,0,0,0,1,0,0,0,3,1,0,0,5.8518809253430115,0.9999999999999999,1.0,9.925878227071657,0.6425137061762657,5.8518809253430115,-0.3856841437126709,1.1429346332593975,-0.7751793624234595,-0.29233649596272054,0.5794029115299066,1.0358897595568506,0.04962875368874103,0.4335,5.666666666666667,4433.315961538461,3.7921127087555884,6.5840716885526085,0.02254791431792559,-2.2543215457347046,2.813226169414554
24.0,417441.47,848337.83,717.0,1,41,19.18,0,0.15,2021,5,2,6,1927,3,1,0,1,0,0,0,1,0,0,0,1,1,0,0,-0.46755299367131353,0.059831906046854,0.0898663146616551,-0.4041888517074023,-1.5643537831435868,-0.46755299367131353,-0.24337450729953708,0.39390004387727645,-0.08181678422716306,0.11497948169234384,-0.7814987840062888,0.0810980512740841,2.032231800065288,0.1918,6.833333333333333,35347.409583333334,3.004692014925463,4.379497688091638,0.049554013875123884,-0.2546793255570643,-0.4997715074858839
50.0,368150.25,959184.09,579.5,0,20,29.08,1,0.15,2022,1,25,1,1659,2,2,0,1,0,0,0,0,0,1,0,1,0,0,1,-0.5412320231756368,0.048870374741815575,0.07925495808853632,-0.5246283288556522,0.48488031408199056,-0.5412320231756368,-0.2178414009874917,-1.337062242509978,-0.7751793624234595,-1.1069684512728493,-0.22407525128769834,-0.28814318656109833,2.6054147457457923,0.2908,3.3333333333333335,19183.6818,3.403860499081639,5.392587505085105,0.03324468085106383,-0.09523390904243033,-0.7218269468400713
57.0,558357.17,761419.48,779.2,3,26,23.61,0,0.21,2023,10,5,3,1041,1,1,1,0,0,0,0,1,0,0,0,1,1,2,1,-0.2569164539808295,0.09116916767116369,0.12020248283624349,-0.05987168467482218,1.0365971864119536,-0.2569164539808295,-0.26339589070947406,1.1769244381557296,1.30490837216543,-0.7578404704256513,-0.5320658294665559,-1.1396024588825264,1.3636781632086858,0.2361,4.333333333333333,13358.23649122807,3.2031528644029645,4.859012245302536,0.04063388866314507,-0.3987931525775179,-0.007298914532876108
43.0,447737.21,272304.95,570.0,0,22,21.14,1,0.26,2021,6,7,0,1891,1,0,0,0,0,0,0,1,0,0,0,1,0,0,1,-0.4222678349490236,0.06656916478013969,0.09638834637007088,-0.33016343530628,-0.06683655824797259,-0.4222678349490236,-0.37606196797050295,-1.456656000478552,-0.7751793624234595,-0.9905924576571167,-0.6711401856094769,0.03149848201264168,0.608180298438899,0.2114,3.6666666666666665,6332.673255813954,3.0973859272804907,4.59782557302906,0.045167118337850046,-1.9642021851156246,-0.3784307743452121
59.0,594019.1,3006580.08,673.5,1,54,23.17,0,0.21,2024,12,11,2,608,2,1,1,0,0,1,0,0,0,1,0,1,0,0,0,-0.20361007623949728,0.0990997760450909,0.1278797416932083,0.027265623009943618,1.1942305785062288,-0.20361007623949728,0.25377017594370427,-0.15371347945250954,-0.08181678422716306,0.8714234401946063,-0.5568402086984932,-1.7361750558326532,5.061419876902948,0.23170000000000002,9.0,50958.984406779666,3.1851121947153915,4.813522618623496,0.04137360364087712,1.1913092426787153,0.09377538134582798
65.0,1047005.79,629572.9,670.2,1,41,54.02,1,0.21,2023,1,30,0,1289,1,0,1,0,0,0,0,1,0,0,0,2,0,0,0,0.47350077022719134,0.19983633284365956,0.22539819001862652,1.1341053421062937,1.6671307547890544,0.47350077022719134,-0.2937663582743661,-0.1952565743258031,-0.08181678422716306,0.11497948169234384,1.1801816079043876,-0.7979165373037009,0.6013079450114598,0.5402,6.833333333333333,9685.736923076924,4.007696755496428,7.349829930005184,0.01817520901490367,-0.6611344769258611,0.9615178947134864
35.0,432114.46,842776.21,811.4,0,42,5.0,0,0.15,2019,12,23,0,2423,1,0,0,1,0,0,1,0,0,1,0,1,1,0,0,-0.4456202506163304,0.0630949301558843,0.09302509890119728,-0.36833647792153323,-0.6973701266250734,-0.4456202506163304,-0.24465560992516644,1.582284333586053,-0.7751793624234595,0.17316747850021016,-1.5799094601628154,0.7644698944317351,1.950354102938374,0.05,7.0,24079.320285714286,1.791759469228055,2.23606797749979,0.16666666666666666,-0.2633467918297073,-0.43972203272445365
63.0,252564.81,182292.53,670.4,1,69,17.07,1,0.26,2023,6,7,2,1161,2,1,0,0,0,0,0,1,0,1,0,0,0,0,2,-0.7140056539364538,0.023166133317751768,0.05437185885705398,-0.8070528653055599,1.5094973626947792,-0.7140056539364538,-0.3967960612025568,-0.19273881100014975,-0.08181678422716306,1.7442433923126013,-0.9003031935048975,-0.974270561344385,0.7217653559892211,0.1707,11.5,2893.532222222222,2.8942531046041373,4.13158565202272,0.05534034311012728,-2.682637642811403,-1.4232872042953628
49.0,367346.5,3006835.47,670.2,3,37,54.28,1,0.26,2021,4,22,3,1937,2,1,0,0,0,0,0,0,1,1,0,1,0,2,0,-0.5424334444422255,0.04869163437413093,0.07908192772236473,-0.5265922329699733,0.40606361803485297,-0.5424334444422255,0.2538290042706233,-0.1952565743258031,1.30490837216543,-0.11777250553912152,1.1948210138141686,0.09487570940226255,8.185284111867134,0.5428000000000001,6.166666666666667,61363.989183673475,4.012411179459415,7.367496182557545,0.01808972503617945,1.1913929014933289,-0.725740449177775
56.0,744876.46,710280.36,587.8,0,21,40.8,0,0.21,2021,12,19,6,1696,2,1,1,0,0,0,0,0,0,0,0,2,0,0,1,0.021886957073622693,0.13264789423399864,0.16035613888198444,0.39587450634383786,0.957780490364816,0.021886957073622693,-0.27517563490349956,-1.23257506449533,-0.7751793624234595,-1.048780454464983,0.4358241227993603,-0.23716585148683805,0.9535545800440519,0.408,3.5,12683.577857142856,3.7328963395307104,6.387487769068525,0.023923444976076555,-0.4933918950397435,0.4524501127758798
33.0,784552.74,1054865.65,642.0,4,16,49.89,1,0.15,2021,10,30,5,1746,3,1,0,1,0,0,1,0,0,0,1,2,0,2,1,0.0811938641605602,0.14147122596097703,0.1688976023429193,0.4928205835232538,-0.8550035187193485,0.0811938641605602,-0.1958014382175945,-0.5502612032430443,1.9982709503617262,-1.3397204385043147,0.9476402755682481,-0.1682775608459458,1.3445439627168976,0.4989,2.6666666666666665,31965.625757575755,3.9296664406007413,7.063285354564121,0.019650225977598742,0.02517284876801328,0.5323687299751462
52.0,675593.51,2157619.76,628.7,1,48,58.72,0,0.15,2023,9,20,2,1056,2,1,0,1,0,0,1,0,0,0,0,1,0,0,0,-0.08167510767536415,0.11724054125449415,0.14544098590164514,0.22658670471733444,0.6425137061762657,-0.08167510767536415,0.0582146912095504,-0.7176924643990472,-0.08181678422716306,0.5222954593474082,1.4448170224273547,-1.1189359716902587,3.1936656111453763,0.5871999999999999,8.0,41492.687692307685,4.089666972670989,7.662897624267207,0.016744809109176157,0.8517501824290525,0.29976985903956715
27.0,1105054.84,613286.24,735.5,0,33,5.0,0,0.26,2022,2,16,2,1637,2,0,0,0,0,0,0,0,0,1,0,2,1,0,0,0.5602707399631391,0.21274545700010652,0.2378949220589534,1.2759439338667051,-1.327903695002174,0.5602707399631391,-0.2975179419655808,0.6267931515002888,-0.7751793624234595,-0.3505244927705869,-1.5799094601628154,-0.3184540344430909,0.5549826287354209,0.05,5.5,22714.305185185185,1.791759469228055,2.23606797749979,0.16666666666666666,-0.6982024803979724,1.0389707238771304
42.0,671278.81,1932396.48,690.5,0,53,32.4,0,0.26,2020,9,30,2,2141,0,1,0,0,0,0,0,1,0,0,0,1,0,0,0,-0.08812459114528638,0.11628102515564634,0.1445121222986336,0.2160440520491402,-0.1456532542951102,-0.08812459114528638,0.006335178520646389,0.060296403228096464,-0.7751793624234595,0.8132354433867399,-0.0371412989012619,0.3759399352171029,2.878679397015377,0.324,8.833333333333334,46009.44,3.5085558999826545,5.692099788303083,0.029940119760479042,0.7330820486121232,0.28964202320638355
48.0,1670596.63,232599.22,507.4,0,69,40.65,0,0.15,2024,4,26,4,837,2,0,0,1,0,0,0,0,0,0,0,3,0,0,2,1.4056255563247106,0.3385123590040024,0.3596441015414223,2.6578037761080893,0.3272469219877154,1.4056255563247106,-0.3852080647832179,-2.2447159214083134,-0.7751793624234595,1.7442433923126013,0.4273783116975636,-1.4206666846973668,0.1392312278278689,0.4065,11.5,4845.817083333333,3.7293013686128518,6.375735251718032,0.024009603841536616,-2.238489623162259,1.604475361158848
22.0,847463.39,1447995.38,576.7,2,43,21.13,1,0.15,2024,10,24,3,656,1,0,0,1,0,0,0,0,0,0,0,2,0,1,0,0.17523080699715787,0.15546148750036104,0.18244093398284777,0.6465381379489011,-1.721987175237862,0.17523080699715787,-0.10524517415856638,-1.3723109290691362,0.6115457939691334,0.2313554753080765,-0.6717032396829301,-1.6700422968173967,1.7086229294223552,0.2113,7.166666666666667,65817.97181818182,3.0969341540629585,4.596737973824482,0.045187528242205156,0.4078558122484632,0.64958655183718
62.0,148392.597,2959614.31,681.7,2,47,43.09,1,0.15,2020,7,14,1,2219,3,0,0,1,0,0,0,0,0,0,1,0,0,1,0,-0.8697191370914185,0.0,0.031945785873794895,-1.0615900195309194,1.4306806666476417,-0.8697191370914185,0.24295175050980086,-0.05048518310068726,0.6115457939691334,0.4641074625395419,0.5647635056201256,0.48340566861689477,19.94448759462037,0.43090000000000006,7.833333333333333,47735.71467741935,3.7862329993698465,6.564297372910524,0.0226808800181447,1.1757742490097265,-2.5106601069380368
65.0,1454775.64,655863.66,699.1,3,45,14.22,0,0.18,2020,5,5,1,2289,2,0,0,0,1,0,1,0,0,0,1,3,0,2,0,1.083022847569231,0.29051743134407865,0.3131824095635507,2.130461032446689,1.6671307547890544,1.083022847569231,-0.2877103599023465,0.16856022623122685,1.30490837216543,0.3477314689238092,-1.0607736044390372,0.5798492755141439,0.4508349204967441,0.1422,7.5,10090.210153846154,2.7226103524335397,3.7709415269929605,0.0657030223390276,-0.603718404587344,1.4205332431959818
26.0,354391.45,2154818.67,672.5,6,22,32.65,0,0.15,2018,3,25,6,3061,2,0,0,1,0,0,0,1,0,0,0,1,0,2,1,-0.5617982625818452,0.045810650983309234,0.07629297961005219,-0.5582469464956161,-1.4067203910493116,-0.5617982625818452,0.05756946845905252,-0.1663022960807805,3.3849961067543193,-0.9905924576571167,-0.023064947064933856,1.64348448300952,6.080334810560469,0.3265,3.6666666666666665,82877.64115384615,3.5160130560907366,5.714017850864661,0.02971768202080238,0.8503692575804682,-0.7902815655776023
48.0,638161.74,3554574.26,686.9,2,39,36.95,0,0.15,2023,9,25,0,1051,1,1,0,1,0,1,0,0,0,0,0,1,0,1,0,-0.1376269888872523,0.10891635048262852,0.13738271794575016,0.13512492293279857,0.3272469219877154,-0.1376269888872523,0.37999900546237375,0.014976663366320782,0.6115457939691334,-0.001396511923388845,0.21904830451990875,-1.1258248007543479,5.570020947980993,0.36950000000000005,6.5,74053.63041666667,3.636269503841639,6.078651166171653,0.026350461133069828,1.3530893887933229,0.20919650831750922
48.0,720769.1,823740.4,659.3,1,49,37.01,0,0.15,2024,10,23,2,657,3,1,0,1,0,0,0,0,0,0,0,2,0,0,0,-0.014147997807010069,0.12728682625228038,0.155166334430065,0.3369699421268306,0.3272469219877154,-0.014147997807010069,-0.2490404521423589,-0.3324746755739575,-0.08181678422716306,0.5804834561552745,0.2224266289606272,-1.668664531004579,1.1428630888865796,0.3701,8.166666666666666,17161.258333333335,3.6378492830011573,6.0835844697020525,0.026308866087871613,-0.2935539208088876,0.401340652605522
64.0,207731.31,777415.47,688.6,0,16,30.28,0,0.15,2022,3,23,2,1602,2,1,0,1,0,0,0,1,0,0,0,0,0,0,1,-0.7810214179869699,0.013195923333814648,0.04472015506638049,-0.9166002309160289,1.588314058741917,-0.7810214179869699,-0.25971126198824873,0.036377651634381954,-0.7751793624234595,-1.3397204385043147,-0.15650876247332357,-0.3666758378917155,3.742408739443274,0.3028,2.6666666666666665,12147.11671875,3.4429789156771102,5.502726596879042,0.0319693094629156,-0.37079647627432705,-1.8090869470635156
64.0,368609.07,525021.44,722.6,1,39,19.07,0,0.26,2020,9,12,5,2159,1,1,0,0,0,0,0,0,0,0,0,1,1,0,0,-0.540546192873259,0.048972408527820005,0.07935373232506117,-0.5235072358718478,1.588314058741917,-0.540546192873259,-0.31784947612840614,0.464397416995594,-0.08181678422716306,-0.001396511923388845,-0.7876923788142731,0.4007397198478241,1.4243313112181422,0.1907,6.5,8203.46,2.9992261628082466,4.36692111217961,0.04982561036372696,-0.9226095925055183,-0.7195975445330033
40.0,1272385.7,689132.54,722.0,0,28,39.93,0,0.15,2023,2,12,6,1276,1,1,0,1,0,0,0,1,0,1,0,3,1,0,1,0.810391864393084,0.24995700218379246,0.27391771518816826,1.6848046049794712,-0.30328664638938535,0.810391864393084,-0.2800469723426518,0.45684412701863114,-0.7751793624234595,-0.6414644768099186,0.38683841840893884,-0.8158274928703328,0.5416066370440976,0.3993,4.666666666666667,17228.3135,3.7118632905043114,6.319018911191831,0.024431956999755682,-0.5349921739635386,1.2373365713737456
50.0,733747.08,556402.97,737.3,2,52,44.69,0,0.26,2018,5,16,2,3009,2,1,0,0,0,0,0,1,0,0,0,2,1,1,0,0.005251095405260124,0.13017290888618888,0.15796021888613657,0.3686806834239712,0.48488031408199056,0.005251095405260124,-0.31062083402785495,0.649453021431176,0.6115457939691334,0.7550474465788736,0.6548521573726247,1.5718406607429922,0.7583034878993999,0.44689999999999996,8.666666666666666,11128.0594,3.8218794555751803,6.685057965343307,0.02188662727073758,-0.8378348087717855,0.4291067232619799
31.0,844695.83,524721.14,758.6,0,48,18.77,0,0.26,2021,4,21,2,1938,1,0,0,0,0,0,0,1,0,0,1,2,1,0,0,0.171093941752293,0.15484602909664183,0.181845136881508,0.6397758082809315,-1.0126369108136237,0.171093941752293,-0.3179186493402539,0.9175948156133479,-0.7751793624234595,0.5222954593474082,-0.8045840010178668,0.09625347521508039,0.6211953715931094,0.1877,8.0,16926.488387096775,2.9841656371825254,4.332435804486894,0.05058168942842691,-0.9234507116508792,0.6446533862327102
48.0,376509.73,2278857.34,701.8,0,10,23.47,0,0.15,2022,9,29,3,1412,3,0,0,1,0,0,0,1,0,0,0,1,1,0,1,-0.5287365245135871,0.05072938130959463,0.08105457723056313,-0.5042025532219542,0.3272469219877154,-0.5287365245135871,0.08614140717773106,0.20255003112755754,-0.7751793624234595,-1.6888484193515128,-0.5399485864948996,-0.628451342327106,6.052585520167035,0.2347,1.6666666666666667,47476.19458333333,3.19744787745458,4.844584605515729,0.040866366979975484,0.909491527272107,-0.6817252487389512
45.0,231861.73,566397.71,782.4,0,34,38.54,0,0.15,2021,4,10,5,1949,2,1,0,1,0,1,0,0,0,0,0,0,1,0,0,-0.7449519937136061,0.018562119468414802,0.049914923848307924,-0.8576393212820683,0.09079683384630259,-0.7449519937136061,-0.3083185753952114,1.2172086513661957,-0.7751793624234595,-0.29233649596272054,0.3085739021989549,0.11140889915607667,2.442825342500463,0.38539999999999996,5.666666666666667,12586.615777777777,3.6773128177424708,6.208059278067503,0.025290844714213456,-0.812061859569885,-1.5902227509201012
59.0,797111.29,1179929.61,797.5,0,5,37.15,0,0.18,2020,6,27,5,2236,0,1,0,0,1,0,0,1,0,0,0,2,1,0,1,0.09996600605482703,0.14426403447679162,0.1716011923959012,0.5235064784096081,1.1942305785062288,0.09996600605482703,-0.16699332699683347,1.4072997824530873,-0.7751793624234595,-1.9797884033908444,0.23030938598897094,0.5068276874347981,1.4802570541937752,0.3715,0.8333333333333334,19998.806949152546,3.641525757730466,6.0950799830683104,0.026212319790301444,0.16371952668386852,0.556654347881423
53.0,901342.76,1011316.4,336.81,1,36,51.57,1,0.15,2019,8,13,1,2555,2,1,0,1,0,0,0,0,1,1,0,2,0,0,0,0.25576806478676734,0.16744334554629192,0.19404002215727315,0.7781884227638662,0.7213304022234033,0.25576806478676734,-0.20583287843091191,-4.392242150025053,-0.08181678422716306,-0.17596050234698787,1.0422333599083726,0.9463349817236907,1.1220108984954846,0.5157,6.0,19081.441509433964,3.9621456148313565,7.181225522151494,0.019022256039566292,-0.027890900659161975,0.7419258718725608
21.0,879181.26,2809918.94,625.6,0,29,64.48,0,0.15,2023,5,6,5,1193,1,1,0,1,0,0,0,1,0,0,0,2,0,0,1,0.222641722765611,0.16251500382505618,0.1892691201853769,0.7240384245933819,-1.8008038712849996,0.222641722765611,0.2084698672542813,-0.7567177959466874,-0.7751793624234595,-0.5832764800020522,1.769136168736353,-0.930182055334214,3.1960632782368448,0.6448,4.833333333333333,133805.6638095238,4.181744752502934,8.029943959953894,0.015271838729383017,1.1241615545213843,0.7047727112823345
47.0,606213.84,692311.06,751.0,1,35,47.97,0,0.18,2020,8,13,3,2189,2,1,0,0,1,0,0,1,0,0,0,1,1,0,0,-0.18538174656420114,0.1018116793874469,0.13050501115207896,0.05706257487193544,0.24843022594057776,-0.18538174656420114,-0.2793148097142062,0.8219198092384885,-0.08181678422716306,-0.23414849915485422,0.8395338934652488,0.44207269423235945,1.1420245040924835,0.4797,5.833333333333333,14730.022553191491,3.891207865714226,6.926037828369117,0.02042066571370227,-0.5286401511317571,0.1266705165637019
33.0,317461.7,1285686.83,565.1,1,54,43.81,1,0.21,2021,2,17,2,2001,0,1,1,0,0,0,1,0,0,0,0,1,0,0,0,-0.6169997394338541,0.03759810094473759,0.06834278593649057,-0.6484820792680568,-0.8550035187193485,-0.6169997394338541,-0.142632465912965,-1.5183412019570794,-0.08181678422716306,0.8714234401946063,0.6053033989087503,0.18305272142260462,4.049895877203455,0.43810000000000004,9.0,38960.20696969697,3.802431328798052,6.618912297349165,0.02231644722160232,0.2674803023984652,-0.9911021487037964
61.0,2065273.61,1712986.32,796.5,1,66,74.68,0,0.21,2021,8,24,1,1813,0,1,1,0,0,0,0,0,1,1,0,3,1,0,2,1.995576806346464,0.42628182528314973,0.44460970324455873,3.622167999871476,1.351863970600504,1.995576806346464,-0.044205299265639576,1.3947109658248162,-0.08181678422716306,1.5696794018890023,2.3434513236585373,-0.07596725138715021,0.8294234292762788,0.7468,11.0,28081.742950819673,4.326513924743623,8.64175908018732,0.01321353065539112,0.5998689681453885,1.876503294854556
23.0,703542.17,2793552.73,664.2,0,24,24.33,0,0.15,2022,4,3,6,1591,2,0,0,1,0,0,0,0,0,0,0,2,0,0,1,-0.039898293371593535,0.12345584920434557,0.15145774095459094,0.2948772034591836,-1.6431704791907245,-0.039898293371593535,0.2046999594571643,-0.27078947409542875,-0.7751793624234595,-0.874216464041384,-0.49152593617793117,-0.38183126183271177,3.970696923540489,0.2433,4.0,121458.81434782609,3.231989464013584,4.9325449820554095,0.03947887879984209,1.118314212446937,0.36353824749616925
59.0,702057.75,685273.06,733.1,0,43,31.42,0,0.18,2024,5,31,4,802,2,2,0,0,1,0,0,1,0,0,0,2,1,0,0,-0.04211715963168632,0.12312573937342994,0.15113817674164856,0.29125013217410667,1.1942305785062288,-0.04211715963168632,-0.2809359920817861,0.5965799915924389,-0.7751793624234595,0.2313554753080765,-0.09232059809966765,-1.4688884881459914,0.9760921519632823,0.31420000000000003,7.166666666666667,11614.797627118645,3.4787755163075302,5.605354582896608,0.030845157310302282,-0.5427536388985035,0.3602287133480894
26.0,492279.99,36762329.0,681.3,1,21,41.58,0,0.21,2022,12,12,0,1338,2,1,1,0,0,0,0,0,1,1,0,1,0,0,1,-0.35568663038917336,0.07647472356694673,0.1059774642969143,-0.22132642267138233,-1.4067203910493116,-0.35568663038917336,8.029306543314783,-0.05552070975199678,-0.08181678422716306,-1.048780454464983,0.47974234052870385,-0.7304060124756265,74.67768291780456,0.4158,3.5,1413935.7307692308,3.7513846594653333,6.448255578061403,0.023485204321277597,3.0670650760051443,-0.2169408072065758
28.0,586705.7,468247.96,734.7,1,33,5.0,0,0.21,2023,10,2,0,1044,2,0,1,0,0,0,0,0,0,0,0,1,1,0,0,-0.21454192605731312,0.09747339992686399,0.12630532143820453,0.009395867053892743,-1.2490869989550364,-0.21454192605731312,-0.3309270783907177,0.6167220981976727,-0.08181678422716306,-0.3505244927705869,-1.5799094601628154,-1.1354691614440728,0.7980968311710626,0.05,5.5,16723.14142857143,1.791759469228055,2.23606797749979,0.16666666666666666,-1.093070107010708,0.07365440076035343
47.0,973141.27,4710995.18,769.2,0,37,23.74,0,0.21,2020,3,16,0,2339,2,0,1,0,0,0,0,1,0,0,0,2,1,0,0,0.36309031277852843,0.18341011640365995,0.20949672197173572,0.9536228105599767,0.24843022594057776,0.36309031277852843,0.6463771249571885,1.0510362718730202,-0.7751793624234595,-0.11777250553912152,-0.5247461265116654,0.6487375661550362,4.841018796787849,0.23739999999999997,6.166666666666667,100233.93999999999,3.208421366964342,4.872371086031933,0.04042037186742118,1.6116055049463052,0.8551214456798564
29.0,599766.37,2595087.28,845.8419999999999,0,16,5.0,0,0.21,2021,12,26,6,1689,1,1,1,0,0,0,0,1,0,1,0,1,1,0,1,-0.19501923032618224,0.10037787141427651,0.1291170073014036,0.04130865529500016,-1.170270302907899,-0.19501923032618224,0.15898403332562025,2.0158683558969597,-0.7751793624234595,-1.3397204385043147,-1.5799094601628154,-0.246810212176563,4.326830262256951,0.05,2.6666666666666665,89485.76827586206,1.791759469228055,2.23606797749979,0.16666666666666666,1.0438689516843296,0.10937904333760322
57.0,866469.54,955948.22,651.4,0,42,8.44,0,0.21,2018,2,21,2,3093,1,1,1,0,0,0,1,0,0,0,0,2,0,0,0,0.20364062697348626,0.15968813289914113,0.18653255587275397,0.6929782700576461,1.0365971864119536,0.20364062697348626,-0.21858677401786689,-0.43192632693729766,-0.7751793624234595,0.17316747850021016,-1.3862188588949418,1.687572989019691,1.103268119500196,0.08439999999999999,7.0,16771.02140350877,2.244955980157409,2.90516780926679,0.10593220338983052,-0.09956160252087322,0.6829483414598153
53.0,587286.9,3805688.22,665.8,1,43,14.03,1,0.15,2018,3,13,1,3073,3,0,0,1,0,0,0,1,0,1,0,1,0,0,0,-0.21367316582074528,0.09760264894919474,0.12643044149894347,0.010815986582656107,0.7213304022234033,-0.21367316582074528,0.43784235928521553,-0.2506473674901964,-0.08181678422716306,0.2313554753080765,-1.0714716318346464,1.6600176727633342,6.480117673321166,0.14029999999999998,7.166666666666667,71805.43811320755,2.710048203764883,3.7456641600656084,0.06653359946773121,1.4172835562349262,0.0752644644516344
62.0,507984.07,916846.76,491.3,0,17,20.63,1,0.15,2018,1,28,6,3117,2,0,0,1,0,0,0,0,0,0,0,1,0,0,1,-0.3322126450900013,0.07996704460377294,0.1093582203936955,-0.1829546561723123,1.4306806666476417,-0.3322126450900013,-0.2275936790333017,-2.447395869123475,-0.7751793624234595,-1.2815324416964484,-0.6998559433555862,1.7206393685273194,1.804873054385347,0.20629999999999998,2.8333333333333335,14787.850967741935,3.0740812399649675,4.5420259796703055,0.04623208506703653,-0.15332427169106116,-0.1641622005693469
64.0,502997.69,1634892.04,791.4,1,34,28.92,0,0.21,2019,4,14,6,2676,2,0,1,0,0,1,0,0,0,1,0,1,1,0,0,-0.3396661355724801,0.07885815826521574,0.10828475830066822,-0.19513850960630097,1.588314058741917,-0.3396661355724801,-0.062194084395626265,1.3305080010206343,-0.08181678422716306,-0.29233649596272054,-0.2330841164629481,1.1130446450746498,3.250297312498592,0.2892,5.666666666666667,25545.188125,3.3985271531062766,5.377731863899501,0.03342245989304812,0.5472968345579005,-0.180704873649981
44.0,752990.07,991644.87,758.4,2,46,29.65,0,0.15,2020,2,3,0,2381,1,0,0,1,0,0,0,0,1,0,0,2,1,1,0,0.034014936672759656,0.13445222348395175,0.1621028274160727,0.4156995166841137,0.011980137799164995,0.034014936672759656,-0.21036415685934595,0.9150770522876931,0.6115457939691334,0.40591946573167553,-0.19198116910087037,0.7066037302933856,1.3169428250229118,0.2965,7.666666666666667,22537.383409090908,3.4226326623822203,5.445181356024793,0.032626427406199025,-0.05278976258690163,0.46920452987201744
35.0,492229.94,1300765.92,560.0,0,43,27.1,0,0.21,2021,11,25,3,1720,1,0,1,0,0,0,1,0,0,0,0,1,0,0,0,-0.3557614436201441,0.0764635932958393,0.10596668959106437,-0.22144871617175152,-0.6973701266250734,-0.3557614436201441,-0.13915904237969562,-1.5825441667612614,-0.7751793624234595,0.2313554753080765,-0.3355599578314163,-0.20409947197920977,2.6425981320843666,0.271,7.166666666666667,37164.74057142857,3.3357695763397,5.205766033928148,0.03558718861209964,0.2814180400639345,-0.21711224916213026
52.0,357873.97,1207705.71,535.1,5,51,43.82,1,0.15,2024,2,27,1,896,2,2,0,1,0,0,0,1,0,0,0,1,0,2,0,-0.5565926966853347,0.046585104364670504,0.07704269246952325,-0.5497376645594352,0.6425137061762657,-0.5565926966853347,-0.16059518497351216,-1.8960057008052076,2.6916335285580226,0.6968594497710072,0.6058664529822032,-1.339378501741114,3.374667651855205,0.4382,8.5,23225.109807692308,3.802654468372781,6.619667665374147,0.022311468094600623,0.19204756407913376,-0.7726555811338872
52.0,652098.5,731249.68,543.8,1,44,22.04,1,0.15,2020,3,30,0,2325,3,0,0,1,0,0,0,1,0,1,0,1,0,0,0,-0.11679474023861522,0.11201564952677487,0.14038300744627336,0.16917837276708234,0.6425137061762657,-0.11679474023861522,-0.2703454144084527,-1.7864829961392512,-0.08181678422716306,0.28954347211594283,-0.6204653189986961,0.6294488447755864,1.121379178145633,0.22039999999999998,7.333333333333333,14062.493846153848,3.1372318358276905,4.6946778377222005,0.043402777777777776,-0.45361978723912677,0.2436505239428352
44.0,564159.2,2115388.36,738.4,1,107,29.0,0,0.26,2022,1,29,5,1655,2,0,0,0,0,0,0,1,0,0,0,1,1,0,2,-0.24824375447055236,0.09245944073557091,0.12145153711361645,-0.04569485035020108,0.011980137799164995,-0.24824375447055236,0.048486813824183406,0.6633007197222743,-0.08181678422716306,3.9553872710115225,-0.2285796838753232,-0.2936542498123697,3.749630175312217,0.29,17.833333333333332,48077.00818181818,3.4011973816621555,5.385164807134504,0.03333333333333333,0.8306928965518158,0.009667389392848577
61.0,398244.16,1625241.04,745.9,1,57,36.28,0,0.21,2022,8,3,2,1469,2,1,1,0,0,0,0,0,0,0,0,1,1,0,2,-0.4962485538520849,0.05556274990631767,0.08573354006904613,-0.4510960692413337,1.351863970600504,-0.4962485538520849,-0.06441716354162136,0.7577168444343063,-0.08181678422716306,1.0459874306182053,0.1813236815985495,-0.5499186909964888,4.08101663060169,0.3628,9.5,26643.295737704917,3.6184569898173904,6.023288138550239,0.02682403433476395,0.5405858891103008,-0.5822973228415946
32.0,339992.81,2021572.47,620.7,1,34,18.59,0,0.15,2019,7,14,6,2585,2,1,0,1,0,0,0,0,0,1,0,1,0,0,0,-0.5833209155285998,0.04260863766105877,0.07319325711975937,-0.5934289661990415,-0.9338202147664861,-0.5833209155285998,0.02687660258991037,-0.8184029974252147,-0.08181678422716306,-0.29233649596272054,-0.8147189743400229,0.987667956108226,5.9459271212235345,0.1859,5.666666666666667,63174.1396875,2.9750192319564492,4.31161222746202,0.05104645227156713,0.7820070134381666,-0.865439781739402
59.0,677226.94,1232011.84,727.4,1,10,17.34,0,0.21,2019,1,14,0,2766,1,0,1,0,0,0,0,1,0,0,0,1,1,0,1,-0.0792335057599877,0.11760378838206753,0.14579262881426183,0.2305778709972167,1.1942305785062288,-0.0792335057599877,-0.15499634021930578,0.5248237368112939,-0.08181678422716306,-1.6888484193515128,-0.8851007335216632,1.237043568228256,1.8192008723102484,0.1734,1.6666666666666667,20881.556610169493,2.9090844668283187,4.164132562731402,0.05452562704471101,0.2161872558862969,0.3035836497152238
22.0,731280.42,521988.63,701.9,0,33,20.35,0,0.18,2023,4,3,0,1226,2,1,0,0,1,0,0,1,0,1,0,2,1,0,0,0.0015640064081298435,0.12962436553893786,0.15742919918719933,0.3626535808141658,-1.721987175237862,0.0015640064081298435,-0.3185480748917224,0.2038089127903849,-0.7751793624234595,-0.3505244927705869,-0.7156214574122735,-0.8847157835112252,0.7138009110103071,0.20350000000000001,5.5,23726.75590909091,3.0610517396746335,4.511097427455985,0.046838407494145196,-0.931131577319076,0.4238751743325253
23.0,4056625.0,3257824.65,662.5,0,22,61.79,0,0.26,2020,12,11,4,2069,1,1,0,0,0,0,0,1,0,1,0,3,0,0,1,4.972188824009757,0.8691245993272251,0.8733055168532647,8.487888917918154,-1.6431704791907245,4.972188824009757,0.31164361539158564,-0.29219046236348994,-0.7751793624234595,-0.9905924576571167,1.617674622977463,0.2767407966942181,0.8030874557051736,0.6179,3.6666666666666665,141644.55,4.139795825126018,7.860661549767933,0.015926102882624624,1.269632369999116,2.6673530631182314
57.0,392791.66,819304.13,762.8,0,48,34.68,0,0.15,2018,3,20,1,3066,1,0,0,1,0,0,1,0,0,0,0,1,1,0,0,-0.5043987864568433,0.05435020638557052,0.08455973220397542,-0.4644188526731667,1.0365971864119536,-0.5043987864568433,-0.2500623337425043,0.970467845452085,-0.7751793624234595,0.5222954593474082,0.09123502984604993,1.6503733120736093,2.0858490987308644,0.3468,8.0,14373.756666666666,3.5745903077118086,5.888972745734183,0.028026905829596414,-0.30071709658680273,-0.6066148818620608
37.0,342271.53,1270405.78,599.6,0,39,14.15,1,0.21,2021,11,9,1,1736,3,1,1,0,0,0,0,1,0,0,0,1,0,0,0,-0.5799147535769967,0.04311538633993946,0.0736838173138527,-0.5878610811808321,-0.5397367345307982,-0.5799147535769967,-0.14615241033156495,-1.084027028281732,-0.7751793624234595,-0.001396511923388845,-1.0647149829532092,-0.18205521897412427,3.711689897199454,0.14150000000000001,6.5,34335.29135135135,2.7180005319553784,3.7616485747608057,0.066006600660066,0.2531493374063756,-0.853292249626062
22.0,666796.52,1536114.83,776.1,0,40,9.33,0,0.18,2020,4,13,0,2311,2,1,0,0,1,1,0,0,0,0,0,1,1,0,0,-0.0948245830942975,0.11528423988327408,0.1435471801151347,0.20509190552026887,-1.721987175237862,-0.0948245830942975,-0.084947120935941,1.1378991066080895,-0.7751793624234595,0.056791484884477494,-1.336107046357614,0.6101601233961365,2.303723525731658,0.0933,6.666666666666667,69823.40136363637,2.3350522831315472,3.054504869860253,0.0968054211035818,0.47619845621922036,0.2790373229847393
22.0,347254.29,1264509.93,635.4,0,50,40.84,0,0.21,2020,10,28,2,2113,2,0,1,0,0,0,1,0,0,0,0,1,0,0,0,-0.5724666741613734,0.04422346765189507,0.07475650009748583,-0.5756860729510661,-1.721987175237862,-0.5724666741613734,-0.1475105018436275,-0.6333473929896327,-0.7751793624234595,0.6386714529631409,0.4380763390931731,0.3373624924582032,3.641452291345342,0.40840000000000004,8.333333333333334,57477.72409090909,3.7338528197566676,6.390618123468183,0.02390057361376673,0.24756328713599002,-0.8270663861447036
48.0,1853569.9,1868771.68,823.6,0,63,25.15,0,0.21,2023,9,4,0,1072,1,0,1,0,0,0,0,0,1,0,0,3,1,0,2,1.6791284835972047,0.3792025108624926,0.399034374521469,3.104885527602687,0.3272469219877154,1.6791284835972047,-0.00832060492646878,1.735867896450959,-0.7751793624234595,1.3951154114654034,-0.4453555021547752,-1.0968917186851732,1.0082013524280902,0.2515,10.5,38932.74333333333,3.263849190510932,5.014977567247933,0.03824091778202677,0.6964460797123156,1.7392704893821722
43.0,622213.8,2087263.73,614.6,2,51,52.32,0,0.15,2019,3,26,1,2695,1,1,0,1,0,1,0,0,0,0,1,1,0,1,0,-0.16146548876193942,0.10536979911788497,0.13394946395149512,0.09615730242773388,-0.06683655824797259,-0.16146548876193942,0.042008388951960046,-0.8951947788576677,0.6115457939691334,0.6968594497710072,1.0844624154173568,1.139222195518189,3.3545764012305734,0.5232,8.5,48541.016976744184,3.976311495310508,7.23325652801005,0.018754688672168042,0.8163806390023555,0.16863956449801967
57.0,148392.597,841226.77,663.6,3,21,56.43,0,0.21,2023,6,16,4,1152,1,0,1,0,0,0,0,1,0,0,0,0,0,2,1,-0.8697191370914185,0.0,0.031945785873794895,-1.0615900195309194,1.0365971864119536,-0.8697191370914185,-0.24501251882082184,-0.2783427640723916,1.30490837216543,-1.048780454464983,1.3158776396065899,-0.9866704536597456,5.668926799630038,0.5643,3.5,14758.364385964913,4.0505668148762055,7.511990415329349,0.01741250217656277,-0.26577403693346185,-2.5106601069380368
52.0,531471.89,3071962.42,694.4,4,36,30.21,1,0.18,2022,1,24,0,1660,1,0,0,0,1,0,1,0,0,1,0,1,0,2,0,-0.29710375992196864,0.08519033739744102,0.11441465099422092,-0.12556389245917618,0.6425137061762657,-0.29710375992196864,0.2688308035025438,0.10939278807835284,1.9982709503617262,-0.17596050234698787,-0.16045014098749544,-0.2867654207482805,5.780103290128853,0.30210000000000004,6.0,59076.20038461538,3.440738556282688,5.496362433464518,0.03204101249599487,1.2124460516377917,-0.08879045551089361
53.0,519089.5,816814.67,693.9,1,50,25.73,0,0.26,2024,2,24,5,899,2,1,0,0,0,0,1,0,0,0,0,1,0,0,0,-0.3156125831595359,0.08243670387779604,0.11174898446136942,-0.1558193533190559,0.7213304022234033,-0.3156125831595359,-0.25063577344935223,0.10309837976421737,-0.08181678422716306,0.6386714529631409,-0.412698365894494,-1.3352452043026604,1.5735526725160114,0.25730000000000003,8.333333333333334,15411.597547169813,3.2857865301508276,5.07247474118896,0.03741114852225963,-0.3047577098635544,-0.12801270347611504
21.0,995942.91,1246343.14,726.8,2,56,32.06,0,0.21,2022,10,9,6,1402,1,1,1,0,0,1,0,0,0,0,0,2,1,1,2,0.39717351677118595,0.18848081440355155,0.2144054325390921,1.0093369438218969,-1.8008038712849996,0.39717351677118595,-0.15169516788845933,0.5172704468343311,0.6115457939691334,0.987799433810339,-0.056285137398667834,-0.6422290004552844,1.251420264641474,0.3206,9.333333333333334,59349.673333333325,3.498324092392878,5.662155066756826,0.030248033877797943,0.2301476763051344,0.8889774029529033
39.0,633154.3,750597.83,593.6,3,31,11.79,1,0.15,2023,5,25,3,1174,2,0,0,1,0,0,0,0,1,0,0,1,0,2,1,-0.14511195922276288,0.10780278075726765,0.13630472208039124,0.12288961093501831,-0.38210334243652294,-0.14511195922276288,-0.2658886256012219,-1.1595599280513575,1.30490837216543,-0.4669004863863196,-1.1975957442881457,-0.956359605777753,1.1854895876092129,0.11789999999999999,5.166666666666667,19246.098205128204,2.548663615590751,3.433656942677879,0.07818608287724786,-0.41814689668305366,0.1965950267025111
22.0,341598.26,614502.66,687.2,0,55,20.77,0,0.18,2024,10,20,6,660,0,1,0,0,1,0,0,0,0,0,0,1,0,0,0,-0.580921137273614,0.04296566251119788,0.07353887653048431,-0.58950616699489,-1.721987175237862,-0.580921137273614,-0.29723774323645724,0.018753308354802923,-0.7751793624234595,0.9296114370024726,-0.6919731863272425,-1.6645312335661253,1.7989045377455963,0.2077,9.166666666666666,27931.93909090909,3.080532875246456,4.557411546042337,0.04593477262287552,-0.695392321431721,-0.8568711807379922
64.0,461614.07,2045051.97,700.4,0,37,17.75,0,0.18,2022,3,31,3,1594,1,1,0,0,1,0,0,1,0,0,0,1,1,0,0,-0.40152512301437554,0.06965514308024334,0.09937574066818824,-0.29625634672418644,1.588314058741917,-0.40152512301437554,0.03228503558217974,0.1849256878479785,-0.7751793624234595,-0.11777250553912152,-0.8620155165100852,-0.37769796439425823,4.430220183713204,0.1775,6.166666666666667,31953.93703125,2.9311937524164198,4.2130748865881795,0.05333333333333334,0.7944486187554123,-0.3261137177554743
46.0,646986.61,8756683.79,650.4,4,26,11.74,0,0.15,2019,11,21,3,2455,1,0,0,1,0,0,0,1,0,0,0,1,0,2,1,-0.12443583928491304,0.11087885189297897,0.13928252570626853,0.15668784486293696,0.16961352989344017,-0.12443583928491304,1.578289463583327,-0.4445151435655686,1.9982709503617262,-0.7578404704256513,-1.2004110146554112,0.8085584004419062,13.534567260982417,0.1174,4.333333333333333,190362.6910869565,2.5447466501440172,3.4263683398023628,0.07849293563579278,2.1250036739768063,0.2311170973033715
52.0,164293.08,764340.06,720.3,1,54,11.45,0,0.18,2023,6,14,2,1154,2,1,0,0,1,1,0,0,0,1,0,0,1,0,0,-0.8459515745094821,0.0035359977328565106,0.03536882338022734,-1.0227383567211,0.6425137061762657,-0.8459515745094821,-0.2627231437928633,0.43544313875056995,-0.08181678422716306,0.8714234401946063,-1.216739582785552,-0.9839149220341099,4.652296128357933,0.11449999999999999,9.0,14698.84730769231,2.5217206229107165,3.383784863137726,0.08032128514056225,-0.39362779798225694,-2.2932092252563607
26.0,1128321.8,2305308.59,589.0,1,13,60.63,0,0.18,2021,11,2,1,1743,2,1,0,0,1,0,0,0,0,0,0,2,0,0,1,0.5950494902621967,0.21791963427575678,0.24290380617528265,1.3327950423852049,-1.4067203910493116,0.5950494902621967,0.09223437394392137,-1.217468484541404,-0.08181678422716306,-1.5142844289279138,1.552360350456901,-0.17241085828439937,2.0431304172267164,0.6063000000000001,2.1666666666666665,88665.715,4.121148764974151,7.786526825228306,0.01622586402725945,0.9215882695877945,1.068648842881557
52.0,342099.38,783763.1,665.5,0,68,13.48,0,0.26,2019,8,10,5,2558,2,1,0,0,0,0,0,1,0,0,0,1,0,0,2,-0.5801720782065996,0.04307710309975667,0.07364675706186335,-0.5882817170667176,0.6425137061762657,-0.5801720782065996,-0.25824910429687037,-0.2544240124786771,-0.7751793624234595,1.686055395504735,-1.1024396058745682,0.9504682791621442,2.2910392295946282,0.1348,11.333333333333334,15072.367307692308,2.6727683869575705,3.671511950137164,0.06906077348066299,-0.35988228458037796,-0.8542065465586066
24.0,1178053.55,977409.04,633.5,0,30,59.27,1,0.21,2023,11,22,2,993,2,0,1,0,0,0,1,0,0,0,0,2,0,0,1,0.6693870107283493,0.22897913198101433,0.2536099995349763,1.4543109222450963,-1.5643537831435868,0.6693870107283493,-0.2136433379596393,-0.6572661445833472,-0.7751793624234595,-0.5250884831941859,1.4757849964672765,-1.205735217897783,0.8296813332466932,0.5927,5.0,40725.37666666667,4.098834467494953,7.6987011891617145,0.016592002654720425,-0.07119035994587392,1.1296802238462869
45.0,670551.53,3369613.61,665.7,3,42,33.01,0,0.15,2023,1,4,2,1315,2,1,0,1,0,0,1,0,0,0,0,1,0,2,0,-0.08921170736147876,0.11611929041896243,0.14435555430521615,0.21426699676545313,0.09079683384630259,-0.08921170736147876,0.3373938698448526,-0.25190624915302234,1.30490837216543,0.17316747850021016,-0.0027950004206215035,-0.7620946261704369,5.025137456624698,0.3301,7.0,74880.30244444445,3.526654599019104,5.74543296888929,0.02940311673037342,1.3021297966738918,0.2879271572150548
37.0,763964.63,464411.04,741.6,1,31,34.74,0,0.18,2023,6,9,4,1159,0,0,0,0,1,0,0,1,0,0,0,2,1,0,1,0.05041937807301249,0.13689277948964654,0.16446541794219657,0.44251504830074045,-0.5397367345307982,0.05041937807301249,-0.33181090150094994,0.7035849329327419,-0.08181678422716306,-0.4669004863863196,0.09461335428676879,-0.9770260929700207,0.6078959964416153,0.34740000000000004,5.166666666666667,12551.649729729728,3.576270509731282,5.89406481131655,0.027979854504756575,-1.1054990548225117,0.4915235002342708
58.0,1016812.09,385882.68,800.0,0,41,18.09,0,0.21,2019,9,19,3,2518,1,1,1,0,0,0,1,0,0,0,0,2,1,0,0,0.4283681378203511,0.19312176607568465,0.21889812536285663,1.0603292529534767,1.1154138824590913,0.4283681378203511,-0.34989967566789587,1.4387718240237646,-0.7751793624234595,0.11497948169234384,-0.842871678012679,0.8953576466494304,0.3795024506445434,0.1809,6.833333333333333,6653.149655172414,2.949164637737656,4.253234063627348,0.05238344683080147,-1.3916150756591006,0.9191546640898769
44.0,740604.95,926306.96,785.3,0,24,30.23,0,0.18,2023,7,25,1,1113,2,0,0,0,1,0,0,0,1,0,0,2,1,0,1,0.015502032713503124,0.13169798285861,0.15943657317199303,0.3854373852696684,0.011980137799164995,0.015502032713503124,-0.22541455009982922,1.2537162195881812,-0.7751793624234595,-0.874216464041384,-0.1593240328405892,-1.0404033203596417,1.2507436792044127,0.3023,4.0,21052.43090909091,3.441379171294987,5.498181517556509,0.03202049311559398,-0.1400617663724123,0.4435408575529473
45.0,327247.35,1566820.9,655.3,1,91,65.5,1,0.21,2024,11,10,6,639,2,1,1,0,0,0,0,1,0,0,0,1,0,0,2,-0.6023724448554489,0.03977426353140412,0.07044942929913689,-0.6245715619476138,0.09079683384630259,-0.6023724448554489,-0.0778740690374367,-0.3828299420870413,-0.08181678422716306,3.024379322085661,1.8265676842285712,-1.6934643156353,4.787879565716881,0.655,15.166666666666666,34818.24222222222,4.197201947661808,8.093207028119323,0.015037593984962405,0.4988888028600522,-0.9352443225536181
45.0,493644.53,1362138.71,758.1,1,50,73.05,0,0.21,2018,12,30,6,2781,1,0,1,0,0,1,0,0,0,0,0,1,1,0,0,-0.3536469571386465,0.07677817411913387,0.10627122088273798,-0.21799226936481217,0.09079683384630259,-0.3536469571386465,-0.12502200273815214,0.9113004072992125,-0.08181678422716306,0.6386714529631409,2.251673509685678,1.2577100554205236,2.759351369699164,0.7304999999999999,8.333333333333334,30269.74911111111,4.304740540713808,8.546929273136639,0.013504388926401082,0.3361621550953306,-0.21227477613521556
26.0,663107.75,1267396.59,698.4,0,73,21.92,0,0.15,2023,12,23,5,962,3,1,0,1,0,1,0,0,0,1,0,1,0,0,2,-0.10033844527228102,0.11446392000009636,0.142753065995293,0.19607866685179703,-1.4067203910493116,-0.10033844527228102,-0.14684556829813183,0.15974805459143662,-0.7751793624234595,1.9769953795440667,-0.6272219678801333,-1.2484459580951361,1.9112981110535958,0.2192,12.166666666666666,48746.0226923077,3.132009891846539,4.68187996428785,0.04363001745200698,0.2503022583505351,0.27024532425448383
42.0,391161.66,1008417.05,693.4,3,37,13.69,0,0.21,2019,1,9,2,2771,2,2,1,0,0,0,0,0,1,0,0,1,0,2,0,-0.5068352613116359,0.053987722031821256,0.08420882769777364,-0.46840163799987694,-0.1456532542951102,-0.5068352613116359,-0.20650073508016492,0.0968039714500819,1.30490837216543,-0.11777250553912152,-1.0906154703320527,1.243932397292345,2.578005855686368,0.1369,6.166666666666667,24009.929761904765,2.6871669901857858,3.6999999999999997,0.06807351940095303,-0.03152310854402662,-0.613963645759039
45.0,447362.23,1707563.43,684.2,0,54,30.3,0,0.18,2023,9,18,0,1058,1,0,0,0,1,0,0,0,1,0,0,1,0,0,0,-0.4228283437472139,0.06648577558813422,0.0963076211113374,-0.33107967140554995,0.09079683384630259,-0.4228283437472139,-0.04545444584837977,-0.0190131415300099,-0.7751793624234595,0.8714234401946063,-0.15538265432641735,-1.1161804400646231,3.8169593128145842,0.303,9.0,37945.854,3.4436180975461075,5.504543577809154,0.03194888178913738,0.59631434763174,-0.37987152642886035
36.0,1592128.37,182266.2839,821.9,0,28,51.14,0,0.18,2023,6,11,6,1157,2,1,0,0,1,1,0,0,0,1,0,3,1,0,1,1.2883335671288072,0.3210623488715307,0.342751545696138,2.4660723438746626,-0.6185534305779358,1.2883335671288072,-0.39680210691363066,1.714466908182898,-0.7751793624234595,-0.6414644768099186,1.0180220347498885,-0.9797816245956564,0.11447964079680334,0.5114,4.666666666666667,5062.952330555556,3.9539324085053558,7.15122367151245,0.019179133103183737,-2.6829074705548175,1.541096353266551
53.0,346449.91,582122.56,792.4,1,51,55.73,0,0.26,2023,9,26,1,1050,2,0,0,0,0,0,0,0,0,0,0,1,1,0,0,-0.5736690371329674,0.04404458718289578,0.0745833341056462,-0.5776515164241331,0.7213304022234033,-0.5736690371329674,-0.3046964029665614,1.343096817648905,-0.08181678422716306,0.6968594497710072,1.276463854464871,-1.1272025665671659,1.6802502849546133,0.5573,8.5,10983.444528301889,4.038303171338476,7.465252842335616,0.017627357659086903,-0.7726245369979655,-0.8312692654065801
29.0,588230.65,922157.5,745.9,0,59,63.8,0,0.15,2023,9,15,4,1061,1,1,0,1,0,1,0,0,0,0,0,1,1,0,2,-0.21226247677521737,0.09781252294235476,0.12663361090245756,0.013121970418289733,-1.170270302907899,-0.21226247677521737,-0.22637036586950499,0.7577168444343063,-0.7751793624234595,1.162363424233938,1.7308484917415403,-1.1120471426261695,1.5676801268346012,0.638,9.833333333333334,31798.53448275862,4.1713056033582285,7.987490219086343,0.0154320987654321,-0.1458584061443973,0.07787478943843679
26.0,575162.55,1612303.34,677.2,3,39,40.48,0,0.21,2023,11,13,0,1002,1,1,1,0,0,0,0,1,0,0,0,1,0,2,0,-0.23179627864633046,0.0949063991489617,0.12382032551749096,-0.018808972482312898,-1.4067203910493116,-0.23179627864633046,-0.06739732425731305,-0.1071348579279065,1.30490837216543,-0.001396511923388845,0.41780639244886036,-1.1933353255824224,2.803213352468793,0.4048,6.5,62011.666923076926,3.7252113833613265,6.362389488234746,0.024108003857280617,0.5315122304063666,0.04127281373232939
36.0,455469.96,2793583.11,693.0,2,53,10.03,0,0.15,2021,10,16,5,1760,1,1,0,1,0,0,0,1,0,0,0,1,0,1,0,-0.4107091533947923,0.06828879722581735,0.09805304380585729,-0.3112690284135691,-0.6185534305779358,-0.4107091533947923,0.20470695739980807,0.09176844479877382,0.6115457939691334,0.8132354433867399,-1.2966932612158952,-0.148988839466496,6.133408029807278,0.1003,8.833333333333334,77599.53083333332,2.400618833265411,3.167017524422623,0.09066183136899365,1.1183251056444996,-0.3490403224365542
49.0,717064.1,529892.91,729.8,2,39,40.92,0,0.15,2022,3,29,1,1596,2,1,0,1,0,0,0,1,0,0,0,2,1,1,0,-0.019686120099652003,0.12646289709237793,0.15436872633467996,0.32791704664495236,0.40606361803485297,-0.019686120099652003,-0.31672734750263254,0.5550368967191439,0.6115457939691334,-0.001396511923388845,0.442580771680798,-0.37494243276862255,0.7389756508518556,0.4092,6.5,10814.141020408164,3.735763040012787,6.396874236687791,0.023854961832061067,-0.9090470146512959,0.3933031009207743
45.0,747393.54,2730390.06,650.9,0,24,17.23,0,0.15,2021,3,15,0,1975,2,1,0,1,0,0,0,1,0,0,0,2,0,0,1,0.025649412366568324,0.13320765013408162,0.16089801293994174,0.4020248065218478,0.09079683384630259,0.025649412366568324,0.19015062628108206,-0.4382207352514331,-0.7751793624234595,-0.874216464041384,-0.8912943283296475,0.14723081028934065,3.6532160285998723,0.1723,4.0,60675.33466666667,2.9030685886905716,4.150903516103452,0.05485463521667581,1.095345971022751,0.45767128203244883
40.0,324746.27,717269.44,760.4,0,52,44.21,0,0.21,2023,4,25,1,1204,2,1,1,0,0,0,1,0,0,1,0,1,1,0,0,-0.6061109838308013,0.03921806575994695,0.06991099970259018,-0.6306827673003305,-0.30328664638938535,-0.6061109838308013,-0.2735657211124219,0.940254685544235,-0.7751793624234595,0.7550474465788736,0.627825561846875,-0.9150266313932177,2.208707247045516,0.4421,8.666666666666666,17931.735999999997,3.811318301306514,6.649060083951716,0.02211900022119,-0.4799772021354111,-0.9493273317617972
45.0,571343.68,899022.33,685.0,0,38,5.0,0,0.15,2019,1,3,3,2777,2,0,0,1,0,0,0,1,0,0,0,1,0,0,0,-0.23750461038174245,0.09405714723239578,0.12299820362080457,-0.028140100948947255,0.09079683384630259,-0.23750461038174245,-0.23169948347038066,-0.008942088227393721,-0.7751793624234595,-0.05958450873125519,-1.5799094601628154,1.2521989921692522,1.573522840053118,0.05,6.333333333333333,19978.273999999998,1.791759469228055,2.23606797749979,0.16666666666666666,-0.17877605245403472,0.03038694145516152
39.0,297955.06,30707249.0,719.4,1,57,13.45,0,0.15,2018,3,6,1,3080,0,1,0,1,0,0,0,0,1,1,0,0,1,0,2,-0.6461576767721918,0.03326015505871337,0.06414341914087339,-0.6961451219462282,-0.38210334243652294,-0.6461576767721918,6.634536874334164,0.4241132037851264,-0.08181678422716306,1.0459874306182053,-1.1041287680949277,1.6696620334530592,103.06000173314727,0.13449999999999998,9.5,787365.358974359,2.670694414558441,3.6674241641784495,0.06920415224913495,2.9651843416030115,-1.108911885164738
46.0,681246.16,854041.23,518.3,2,14,34.05,0,0.18,2020,1,24,4,2391,2,1,0,0,1,0,0,1,0,0,0,1,0,1,1,-0.073225696885215,0.11849759474051916,0.1466578818261737,0.24039853997931535,0.16961352989344017,-0.073225696885215,-0.24206074607258973,-2.10749782016016,0.6115457939691334,-1.4560964321200474,0.05576262321850311,0.7203813884215641,1.2536455691728228,0.34049999999999997,2.3333333333333335,18566.113695652173,3.5567756134805992,5.835237784358063,0.028530670470756064,-0.24586316064048452,0.31292082517254177
23.0,595447.21,2141639.73,648.7,3,25,24.54,0,0.18,2022,3,24,3,1601,1,1,0,0,1,0,0,1,0,0,0,1,0,2,1,-0.20147538046963365,0.09941736348707425,0.12818718355477385,0.03075510494425536,-1.6431704791907245,-0.20147538046963365,0.054533738826856845,-0.46591613183362834,1.30490837216543,-0.8160284672335176,-0.47970180063541557,-0.3680536037045333,3.596691182749853,0.24539999999999998,4.166666666666667,93114.77086956521,3.2402458506043934,4.953786430600334,0.03915426781519186,0.8438423489330367,0.0976696048986665
39.0,556519.27,741757.09,845.8,2,60,38.05,0,0.15,2023,7,29,5,1109,2,1,0,1,0,1,0,0,0,0,0,1,1,1,2,-0.2596636914873468,0.09076044988358345,0.1198068218595881,-0.06436245838768162,-0.38210334243652294,-0.2596636914873468,-0.26792506376609226,2.0153396255985734,0.6115457939691334,1.2205514210418043,0.2809842525997518,-1.045914383610913,1.332850684577373,0.38049999999999995,10.0,19019.412564102564,3.664842876285695,6.168468205316454,0.025608194622279132,-0.4342143146607971,-0.012717695059738791
40.0,776434.25,749622.86,767.7,4,17,54.19,0,0.15,2023,2,20,0,1268,2,1,0,1,0,0,1,0,0,0,0,2,1,2,1,0.06905859008455735,0.13966581148179308,0.1671498632481008,0.47298364926126363,-0.30328664638938535,0.06905859008455735,-0.26611320704096597,1.0321530469306137,1.9982709503617262,-1.2815324416964484,1.1897535271530904,-0.8268496193728756,0.9654685635003866,0.5418999999999999,2.8333333333333335,18740.5715,4.01078177745141,7.361385739111896,0.01811922449719152,-0.4199073921214479,0.5164183723966038
52.0,464385.05,2056232.47,805.2,2,22,54.21,0,0.26,2022,4,28,3,1566,1,0,0,0,0,0,0,1,0,0,0,1,1,1,1,-0.39738314565662525,0.0702713620339563,0.0999722740231545,-0.2894856605373107,0.6425137061762657,-0.39738314565662525,0.03486043050413582,1.5042336704907742,0.6115457939691334,-0.9905924576571167,1.1908796352999969,-0.41627540715315786,4.4278610390235436,0.5421,3.6666666666666665,39542.93211538462,4.011144096295953,7.362744053679987,0.018112660749864156,0.800311512306216,-0.31589397068358654
27.0,893330.67,577124.29,640.0,0,79,51.13,0,0.21,2020,1,26,6,2389,2,1,1,0,0,1,0,0,0,0,0,2,0,0,2,0.24379183422275835,0.1656615926224693,0.19231518873083495,0.7586114690900736,-1.327903695002174,0.24379183422275835,-0.3058477395952064,-0.5754388364995862,-0.7751793624234595,2.3261233603912648,1.0174589806764354,0.7176258567959284,0.6460365790418905,0.5113,13.166666666666666,21374.973703703705,3.9537405987800147,7.150524456289903,0.01918281220026856,-0.7850165933365014,0.7286222292202293
61.0,320730.13,1172032.95,697.8,0,22,8.13,0,0.18,2024,2,7,2,916,1,1,0,0,1,0,0,0,1,1,0,1,0,0,1,-0.6121141888144372,0.038324944341255815,0.06904640974949984,-0.64049591052856,1.351863970600504,-0.6121141888144372,-0.16881229914158677,0.15219476461447376,-0.7751793624234595,-0.9905924576571167,-1.4036735351719882,-1.311823185484757,3.6542651917361177,0.08130000000000001,3.6666666666666665,19213.654918032786,2.211565694606877,2.8513154858766505,0.10952902519167579,0.15551597551881563,-0.9722171972629976
53.0,1174710.26,307940.58,786.1,1,46,25.77,0,0.18,2022,3,5,5,1620,0,1,0,0,1,0,0,1,0,0,0,2,1,0,0,0.6643895616379938,0.22823564099018834,0.25289025994814235,1.4461418385917604,0.7213304022234033,0.6643895616379938,-0.3678534065874963,1.2637872728907988,-0.08181678422716306,0.40591946573167553,-0.4104461496006816,-0.34187605326099424,0.2621417301658709,0.2577,7.666666666666667,5810.199622641509,3.2872818575322613,5.076416058598822,0.03735524841240194,-1.756953328094433,1.1256754857110849
60.0,399112.6,3519211.6,737.5,0,32,26.38,0,0.15,2019,8,20,1,2548,1,1,0,1,0,1,0,0,0,1,0,1,1,0,1,-0.49495043592392785,0.05575587623280233,0.08592049682325832,-0.44897409986150044,1.2730472745533665,-0.49495043592392785,0.37185332190699977,0.6519707847568308,-0.7751793624234595,-0.40871248957845324,-0.3760998511200412,0.9366906210339657,8.817590825245809,0.2638,5.333333333333333,58653.526666666665,3.3098128198603027,5.136146415358503,0.03652300949598247,1.343602113431457,-0.5784612529713687
59.0,212585.92,2291200.23,728.1,0,18,41.93,0,0.15,2023,1,9,0,1310,1,0,0,1,0,0,0,0,0,0,1,0,1,0,1,-0.7737648933275684,0.014275506259308332,0.04576524986690335,-0.9047383478025927,1.1942305785062288,-0.7737648933275684,0.08898455517900675,0.5336359084510842,-0.7751793624234595,-1.223344444888582,0.4994492330995632,-0.7689834552345262,10.777760963661187,0.4193,3.0,38833.90220338983,3.7595708822364693,6.47533782902483,0.023293733985557886,0.9151575692108578,-1.76266807308033
38.0,451037.52,6750148.35,812.3,1,47,44.36,0,0.21,2021,10,27,2,1749,3,1,1,0,0,0,0,1,0,1,0,1,1,0,0,-0.4173346310668025,0.06730309774794473,0.09709883327244069,-0.32209937012738726,-0.46092003848366053,-0.4173346310668025,1.1160899928171801,1.5936142685514967,-0.08181678422716306,0.4641074625395419,0.6362713729486718,-0.16414426340749227,14.965824461787568,0.4436,7.833333333333333,177635.48289473684,3.8146306594194965,6.660330322138685,0.02204585537918871,1.9183271328768474,-0.3658127247464013
60.0,423757.86,2512665.28,612.0,3,42,31.06,1,0.15,2022,5,6,4,1558,2,0,0,1,0,1,0,0,0,0,0,1,0,2,0,-0.4581114443412135,0.061236564051257866,0.09122609976222436,-0.3887552164866787,1.2730472745533665,-0.4581114443412135,0.1399983707651387,-0.9279257020911725,1.30490837216543,0.17316747850021016,-0.11259054474398021,-0.42729753365570067,5.929483597071214,0.3106,7.0,41877.75466666666,3.467609147181407,5.573149917237109,0.03119151590767311,1.0108652787463526,-0.4736143524319759
21.0,449171.16,446522.4,676.2,0,54,10.84,0,0.21,2018,4,22,6,3033,1,2,1,0,0,1,0,0,0,1,0,1,0,0,0,-0.42012440972323856,0.06688805093907142,0.09669704546005126,-0.32665968376073645,-1.8008038712849996,-0.42012440972323856,-0.33593149652055554,-0.11972367455617744,-0.7751793624234595,0.8714234401946063,-1.2510858812661922,1.6049070402506205,0.9941030051884899,0.1084,9.0,21262.97142857143,2.4714836294558595,3.2924155266308657,0.08445945945945946,-1.165159622852393,-0.3729346293948413
31.0,613788.94,1572307.59,646.4,2,30,20.7,1,0.18,2019,3,29,4,2692,2,1,0,0,1,1,0,0,0,0,0,1,0,1,1,-0.17405871547675397,0.10349625314700886,0.13213576987902936,0.07557177556418257,-1.0126369108136237,-0.17405871547675397,-0.07661022631445046,-0.49487041007865235,0.6115457939691334,-0.5250884831941859,-0.6959145648414143,1.1350888980797353,2.5616421012734447,0.207,5.0,50719.599677419355,3.077312260546414,4.54972526643093,0.04608294930875576,0.502885639887689,0.14670498810106666
48.0,988370.89,517825.64,607.9,2,44,56.54,0,0.21,2023,12,27,2,958,0,0,1,0,0,0,0,1,0,0,1,2,0,1,0,0.3858550895748754,0.18679692558375002,0.21277533687096326,0.9908352688835185,0.3272469219877154,0.3858550895748754,-0.31950700725665726,-0.9795398502670837,0.6115457939691334,0.28954347211594283,1.322071234414574,-1.2539570213464075,0.523918344054022,0.5654,7.333333333333333,10788.034166666666,4.052480358123402,7.5193084788429845,0.01737921445950643,-0.9429289374885796,0.8778390169091562
45.0,486290.64,2971645.08,770.6,1,40,30.06,0,0.15,2023,2,15,2,1273,3,1,0,1,0,0,0,1,0,0,0,1,1,0,0,-0.3646393301876713,0.07514279371165342,0.10468808398757709,-0.23596095966311975,0.09079683384630259,-0.3646393301876713,0.24572300259738383,1.0686606151525992,-0.08181678422716306,0.056791484884477494,-0.1688959520892924,-0.8199607903087864,6.110841615211841,0.3006,6.666666666666667,66036.55733333333,3.435920817720541,5.482700064749119,0.03219575016097875,1.1797824302394044,-0.23760742000965296
43.0,369390.76,455523.14,621.2,0,16,46.28,0,0.18,2024,3,28,3,866,2,0,0,0,1,1,0,0,0,0,0,1,0,0,1,-0.5393777462295517,0.04914624312566189,0.07952201364006292,-0.5215972337478992,-0.06683655824797259,-0.5393777462295517,-0.33385820283155715,-0.8121085891110793,-0.7751793624234595,-1.3397204385043147,0.7443777550516713,-1.3807114761256492,1.2331741595268924,0.4628,2.6666666666666665,10593.561395348837,3.856087373097843,6.802940540677979,0.021150592216582064,-1.1347810854559135,-0.7158070170761928
51.0,290802.39,440467.34,745.2,0,46,25.48,0,0.26,2021,6,16,2,1882,2,1,0,0,0,0,0,1,0,1,0,0,1,0,0,-0.6568492722320868,0.031669522566362615,0.06260360065352717,-0.7136221459479465,0.5636970101291281,-0.6568492722320868,-0.33732626158259565,0.7489046727945176,-0.7751793624234595,0.40591946573167553,-0.42677471773082204,0.019098589697281076,1.5146620356180704,0.2548,7.666666666666667,8636.614509803921,3.2763897310688073,5.047771785649585,0.0377643504531722,-1.1860229675890197,-1.1544628181730852
50.0,417691.94,319059.21,814.4,2,35,44.09,1,0.21,2018,9,10,0,2892,1,0,1,0,0,0,0,0,0,0,0,1,1,1,0,-0.4671785986670927,0.05988760632665989,0.08992023555224918,-0.4035768466517083,0.48488031408199056,-0.4671785986670927,-0.3652922632360265,1.620050783470866,0.6115457939691334,-0.23414849915485422,0.6210689129654378,1.4106420606433043,0.7638625011533621,0.4409,5.833333333333333,6381.184200000001,3.8086604924329928,6.640030120413612,0.022177866489243733,-1.698259449152808,-0.49872520542346316
62.0,191318.78,699509.13,676.7,2,56,75.73,1,0.21,2023,6,28,2,1140,1,1,1,0,0,1,0,0,0,0,1,0,0,1,2,-0.8055543729860668,0.009546055032930996,0.041186884676704415,-0.9567030429762693,1.4306806666476417,-0.8055543729860668,-0.2776567556982065,-0.11342926624204197,0.6115457939691334,0.987799433810339,2.402572001371115,-1.0032036434135598,3.656249166966254,0.7573000000000001,9.333333333333334,11282.405322580646,4.340292766189574,8.702298546935747,0.013032712107389547,-0.5143869753487437,-1.9762775406707873
55.0,362643.96,607656.8,685.1,3,41,71.54,0,0.21,2021,12,30,3,1685,2,1,1,0,0,1,0,0,0,0,1,1,0,2,0,-0.5494626594506035,0.04764586923739471,0.07806957037476096,-0.5380825442032665,0.8789637943176785,-0.5494626594506035,-0.29881466672649987,-0.0076832065645663404,1.30490837216543,0.11497948169234384,2.166652344594257,-0.25232127542783434,1.6756291763414453,0.7154,6.833333333333333,11048.305454545456,4.284138133854756,8.4581321815162,0.013785497656465397,-0.711297377896294,-0.748846240723018
27.0,1071135.27,407112.82,745.7,1,36,9.49,0,0.26,2023,4,27,3,1202,2,1,0,0,0,0,0,0,1,1,0,2,1,0,0,0.5095687894168965,0.20520231993820295,0.23059275643844607,1.1930639549192683,-1.327903695002174,0.5095687894168965,-0.34500937606157983,0.7551990811086531,-0.08181678422716306,-0.17596050234698787,-1.3270981811823637,-0.9177821630188534,0.3800760103810231,0.0949,6.0,15078.252592592593,2.3504224224082058,3.0805843601498726,0.09532888465204957,-1.3076375605379331,0.9943271335902144
36.0,343572.16,3964405.14,692.4,0,36,34.08,0,0.21,2021,8,19,3,1818,0,0,1,0,0,0,1,0,0,0,0,1,0,0,0,-0.5779706110675559,0.04340462439209705,0.07396381542912953,-0.5846830872670413,-0.6185534305779358,-0.5779706110675559,0.4744023297513404,0.08421515482181097,-0.7751793624234595,-0.17596050234698787,0.05745178543886254,-0.069078422323061,11.538784574396251,0.3408,6.0,110122.365,3.5576311675039825,5.837807807730569,0.028506271379703536,1.4552295873907322,-0.8464024161886944
46.0,763595.69,1426759.7,643.8,0,34,43.41,1,0.15,2023,10,21,5,1025,1,0,0,1,0,0,0,1,0,1,0,2,0,0,0,0.04986789768471353,0.1368107334911973,0.16438599296764558,0.4416135704980185,0.16961352989344017,0.04986789768471353,-0.11013674988740535,-0.5276013333121571,-0.7751793624234595,-0.29233649596272054,0.582781235970625,-1.161646711887612,1.8684753183978815,0.4341,5.666666666666667,31016.515217391305,3.7934646693040106,6.588626564011653,0.022517451024544024,0.3906189287910344,0.49077948206037547
22.0,275249.94,1313970.7,614.7,2,40,19.33,1,0.18,2023,2,1,2,1287,3,0,0,0,1,0,0,0,1,0,0,0,0,1,0,-0.6800966055789692,0.028210921469756664,0.05925548728697627,-0.7516234156745691,-1.721987175237862,-0.6800966055789692,-0.13611736058035326,-0.8939358971948403,0.6115457939691334,0.056791484884477494,-0.773052972904492,-0.8006720689293366,4.773736553766369,0.19329999999999997,6.666666666666667,59725.94090909091,3.012097627640255,4.396589587396122,0.04918839153959666,0.2934611681339008,-1.2583456400037145
21.0,1431312.97,2994881.11,649.7,0,48,7.5,0,0.21,2024,3,19,1,875,2,1,1,0,0,0,0,1,0,0,0,3,0,0,0,1.0479515558629149,0.2852997314838442,0.308131393225805,2.0731317209120603,-1.8008038712849996,1.0479515558629149,0.2510753529992817,-0.4533273152053574,-0.7751793624234595,0.5222954593474082,-1.439145941799535,-1.3683115838102886,2.0924012936178453,0.075,8.0,142613.3861904762,2.1400661634962708,2.7386127875258306,0.11764705882352941,1.1874675843650426,1.3985659434718862
32.0,1484641.23,1178061.04,743.7,0,28,14.98,1,0.18,2021,1,5,1,2044,1,0,0,0,1,0,0,1,0,1,0,3,1,0,1,1.1276650310407301,0.2971590320130912,0.31961183907973173,2.2034354089040784,-0.9338202147664861,1.1276650310407301,-0.16742374653883246,0.7300214478521112,-0.7751793624234595,-0.6414644768099186,-1.0179814948566,0.24229665137377193,0.7934988037480274,0.14980000000000002,4.666666666666667,36814.4075,2.7713379403381286,3.8704004960727256,0.0625782227784731,0.16178444666691993,1.4478851541739315
25.0,747927.9,582989.15,693.9,1,13,36.79,0,0.18,2018,3,3,5,3083,0,1,0,0,1,0,0,0,0,0,0,2,0,0,1,0.026448157583382377,0.13332648273486042,0.16101304933990127,0.4033304759495661,-1.4855370870964493,0.026448157583382377,-0.3044967865374734,0.10309837976421737,-0.08181678422716306,-1.5142844289279138,0.2100394393446586,1.6737953308915128,0.7794723929940306,0.3679,2.1666666666666665,23319.566000000003,3.6320445173613978,6.0654760736483,0.026462026991267533,-0.7704893339703126,0.4587769742031665
57.0,1615554.71,299495.05,687.4,0,48,52.89,0,0.21,2022,2,3,3,1650,3,1,1,0,0,1,0,0,0,0,0,3,0,0,0,1.3233505538464883,0.3262719695559543,0.34779474095369334,2.5233128857216105,1.0365971864119536,1.3233505538464883,-0.36979880930430037,0.021271071680456253,-0.7751793624234595,0.5222954593474082,1.1165564976041846,-0.3005430788764589,0.18538217749369812,0.5289,8.0,5254.299122807018,3.9869449319454056,7.2725511342306834,0.018556318426424197,-1.803305579955545,1.5604056356541756
52.0,567534.99,560430.11,611.8,0,22,54.73,1,0.18,2021,3,26,4,1964,0,1,0,0,1,1,0,0,0,0,1,1,0,0,1,-0.24319772536008596,0.093210159175168,0.12217827326269064,-0.037446355332989185,0.6425137061762657,-0.24319772536008596,-0.309693194306375,-0.9304434654168272,-0.7751793624234595,-0.9905924576571167,1.220158447119559,0.13207538634834434,0.9874811595316793,0.5473,3.6666666666666665,10777.502115384616,4.020518601581445,7.397972695272672,0.017943656917279744,-0.8273822718081477,0.019442332503308624
29.0,824625.33,2824355.97,782.0,0,57,50.88,0,0.15,2020,3,16,0,2339,2,0,0,1,0,0,0,1,0,0,0,2,1,0,2,0.1410931634865791,0.15038269031018506,0.1775243829602056,0.590735015090908,-1.170270302907899,0.1410931634865791,0.21179539417616566,1.2121731247148877,-0.7751793624234595,1.0459874306182053,1.0033826288401073,0.6487375661550362,3.4250172378284818,0.5088,9.5,97391.5851724138,3.948933359448243,7.133021800050804,0.019275250578257516,1.1292849825015723,0.6082843849830766
61.0,1081720.77,408915.87,649.1,0,14,58.46,0,0.18,2023,12,13,2,972,2,1,0,0,1,1,0,0,0,0,0,2,0,0,1,0.5253916756594771,0.2075563555987016,0.23287159057979515,1.2189288469903674,1.351863970600504,0.5253916756594771,-0.3445940488567113,-0.46088060518232027,-0.7751793624234595,-1.4560964321200474,1.4301776165175735,-1.2346682999669578,0.3780234986150816,0.5846,2.3333333333333335,6703.538852459016,4.085303817569952,7.645913941446111,0.016818028927009756,-1.3007543919951032,1.0084403007854827
55.0,596506.34,1260714.35,804.2,0,35,15.67,0,0.15,2023,2,19,6,1269,1,0,0,1,0,0,0,1,0,0,1,1,1,0,0,-0.19989222487886282,0.09965289603528679,0.12841519183063488,0.03334301133878215,0.8789637943176785,-0.19989222487886282,-0.14838480240781313,1.4916448538625031,-0.7751793624234595,-0.23414849915485422,-0.9791307637883344,-0.8254718535600578,2.1134969831167263,0.1567,5.833333333333333,22922.079090909094,2.813610696762703,3.9585350825778973,0.05998800239952009,0.24395017647678469,0.10055041257437164
39.0,230082.31,2030408.58,694.6,2,54,30.74,0,0.26,2024,1,18,3,936,2,0,0,0,0,0,0,0,1,0,0,0,0,1,0,-0.7476118170793208,0.01816640664096173,0.04953185237810818,-0.8619872034084822,-0.38210334243652294,-0.7476118170793208,0.02891197424805138,0.1119105514040076,0.6115457939691334,0.8714234401946063,-0.13060827509448011,-1.2842678692284002,8.824705297856234,0.3074,9.0,52061.75846153846,3.457577715098263,5.544366510251645,0.031505986137366104,0.7867099508571895,-1.605404923364306
36.0,833950.93,1202293.32,584.5,2,28,7.37,1,0.15,2019,6,25,1,2604,0,1,0,1,0,0,0,1,0,1,0,2,0,1,1,0.1550327891956917,0.15245654557970909,0.17953198729335615,0.6135214340128525,-0.6185534305779358,0.1550327891956917,-0.1618419129124814,-1.2741181593686235,0.6115457939691334,-0.6414644768099186,-1.4464656447544255,1.013845506551765,1.4416835292695218,0.0737,4.666666666666667,33397.03666666667,2.124653884501384,2.7147743920996454,0.1194743130227001,0.18659085958521654,0.6253142217390397
23.0,362957.85,1301838.86,673.3,0,17,45.05,0,0.18,2019,9,18,2,2519,1,1,0,0,1,0,0,0,1,0,1,1,0,0,1,-0.5489934661425232,0.04771567304954093,0.07813714424927118,-0.5373155770338182,-1.6431704791907245,-0.5489934661425232,-0.1389118938418338,-0.1562312427781643,-0.7751793624234595,-1.2815324416964484,0.6751221040169371,0.8967354124622482,3.586749425587572,0.45049999999999996,2.8333333333333335,56601.6895652174,3.829727762701316,6.711929677819934,0.02171552660152009,0.2824021911162178,-0.7472927227926143
40.0,434242.58,1558014.39,610.3,2,45,7.68,1,0.26,2022,6,3,4,1530,2,1,0,0,0,0,1,0,0,0,1,1,0,1,0,-0.4424392010040721,0.06356818794907503,0.09348323810226362,-0.36313657294639295,-0.30328664638938535,-0.4424392010040721,-0.07990262242361401,-0.9493266903592337,0.6115457939691334,0.3477314689238092,-1.4290109684773789,-0.4658749764146003,3.587889492550454,0.0768,7.5,38950.359749999996,2.1610215286722587,2.7712812921102037,0.1152073732718894,0.49243749740601866,-0.43121705511689273
44.0,636565.25,1284007.51,734.2,0,51,49.41,0,0.15,2018,4,16,0,3039,3,1,0,1,0,0,0,0,0,1,0,1,1,0,0,-0.14001337400438588,0.10856131818451983,0.13703902743341514,0.13122401683081106,0.011980137799164995,-0.14001337400438588,-0.14301929228033133,0.6104276898835372,-0.7751793624234595,0.6968594497710072,0.9206136800424981,1.6131736351275274,2.0170870307482227,0.4941,8.5,29181.988863636365,3.9201895680945396,7.029224708315989,0.019837333862328905,0.2659156607713716,0.20519184541651145
53.0,4642469.0,3036912.46,670.4,1,28,32.53,0,0.18,2021,2,28,6,1990,2,1,0,0,1,0,1,0,0,0,0,3,0,0,1,5.847890771758886,0.99940636849157,0.9994253325166262,9.9193557197226,0.7213304022234033,5.847890771758886,0.2607571494621374,-0.19273881100014975,-0.08181678422716306,-0.6414644768099186,-0.029821595946371172,0.1678972974816083,0.6541589098387086,0.32530000000000003,4.666666666666667,57300.23509433962,3.512440560478137,5.70350769263968,0.029824038174768863,1.2011846563125201,2.812615755007297
44.0,586879.06,475344.84,702.2,3,46,50.35,1,0.21,2022,9,5,0,1436,2,1,1,0,0,0,1,0,0,0,0,1,1,2,0,-0.21428279275619222,0.09751195225052411,0.12634264217758806,0.009819459485941148,0.011980137799164995,-0.21428279275619222,-0.3292923331902587,0.20758555777886706,1.30490837216543,0.40591946573167553,0.9735407629470918,-0.5953849628194777,0.8099536555282787,0.5035000000000001,7.666666666666667,10803.291818181819,3.9386649363745674,7.095773389842717,0.01947419668938656,-1.0704078249949158,0.07413485086743052
31.0,766546.96,1165076.62,662.3,2,14,34.25,0,0.21,2023,3,24,4,1236,1,0,1,0,0,1,0,0,0,1,0,2,0,1,1,0.05427936709864213,0.13746704588303138,0.16502133894434384,0.4488247820631475,-1.0126369108136237,0.05427936709864213,-0.17041466906756952,-0.2947082256891447,0.6115457939691334,-1.4560964321200474,0.0670237046875657,-0.8709381253830467,1.5199024727721837,0.3425,2.3333333333333335,37583.11677419355,3.5624655292582776,5.852349955359813,0.028368794326241134,0.14823279860411256,0.4967190213502063
28.0,366307.56,275744.97,648.3,2,80,57.65,1,0.21,2023,8,12,5,1095,0,1,1,0,0,0,0,1,0,1,0,1,0,1,2,-0.5439864206297336,0.048460591739478004,0.07885826592624615,-0.5291308065818336,-1.2490869989550364,-0.5439864206297336,-0.3752695695948107,-0.47095165848493786,0.6115457939691334,2.384311357199131,1.3845702365678705,-1.0652031049903627,0.7527689846204647,0.5765,13.333333333333334,9848.034642857141,4.0715875750994845,7.592759709091286,0.017050298380221655,-1.9427778291519346,-0.7308144335772777
56.0,527821.22,230585.65,617.0,0,31,44.78,0,0.15,2024,3,30,5,864,0,0,0,1,0,0,0,1,0,0,0,1,0,0,1,-0.3025606713686837,0.08437849030805339,0.11362873899811314,-0.13448403657491945,0.957780490364816,-0.3025606713686837,-0.38567188464395785,-0.8649816189498177,-0.7751793624234595,-0.4669004863863196,0.659919644033703,-1.383467007751285,0.4368631674186953,0.44780000000000003,5.166666666666667,4117.600892857143,3.8238473145244205,6.691786009728643,0.021843599825251202,-2.2539116864400643,-0.10023874928762318
58.0,861988.32,929898.09,752.7,0,17,20.43,0,0.21,2019,1,4,4,2776,1,0,1,0,0,0,0,0,0,0,0,2,1,0,1,0.1969422344282141,0.1586915855766207,0.1855678440376119,0.6820287379952161,1.1154138824590913,0.1969422344282141,-0.22458734398506833,0.8433207975065496,-0.7751793624234595,-1.2815324416964484,-0.7111170248246486,1.2508212263564344,1.0787827032273476,0.2043,2.8333333333333335,16032.725689655172,3.064791809485486,4.519955751995809,0.04666355576294914,-0.1350708041688991,0.6751624386678399
60.0,1432648.16,1440305.35,677.0,3,19,29.6,0,0.18,2021,6,28,0,1870,1,1,0,0,1,0,0,0,0,0,0,3,0,2,1,1.049947357618357,0.2855966550938334,0.3084188313777287,2.0763941596484834,1.2730472745533665,1.049947357618357,-0.10701654969737855,-0.10965262125356126,1.30490837216543,-1.1651564480807157,-0.19479643946813582,0.0025653999434669373,1.0053447805356481,0.29600000000000004,3.1666666666666665,24005.08916666667,3.4210000089583352,5.440588203494177,0.032679738562091505,0.40164996436462846,1.399827657273298
40.0,1740250.41,3083165.68,666.4,0,51,25.18,0,0.21,2020,8,3,0,2199,1,0,1,0,0,1,0,0,0,0,0,3,0,0,0,1.509741926577012,0.3540021782859001,0.37463908637331667,2.8279976736135524,-0.30328664638938535,1.509741926577012,0.27141144112280713,-0.24309407751323353,-0.7751793624234595,0.6968594497710072,-0.44366633993441573,0.4558503523605379,1.7716793297580664,0.2518,8.5,77079.142,3.264995760481754,5.017967716117751,0.03819709702062643,1.2160123329801358,1.657797860669522
55.0,458473.98,5356676.12,675.1,0,11,5.0,0,0.26,2024,2,6,1,917,1,0,0,0,0,0,0,1,0,1,0,1,0,0,1,-0.4062188348712992,0.0689568403229645,0.0986997457412685,-0.30392892609630284,0.8789637943176785,-0.4062188348712992,0.7951078091018893,-0.13357137284727577,-0.7751793624234595,-1.6306604225436463,-1.5799094601628154,-1.3104454196719393,11.68370802635299,0.05,1.8333333333333333,97394.11127272727,1.791759469228055,2.23606797749979,0.16666666666666666,1.7240597336900478,-0.33778459694779306
45.0,857696.34,2480330.73,639.1,2,29,45.88,0,0.21,2018,10,20,5,2852,1,1,1,0,0,1,0,0,0,0,0,2,0,1,1,0.19052671212927394,0.15773712202042148,0.18464387156980333,0.6715415999789377,0.09079683384630259,0.19052671212927394,0.13255020334205972,-0.5867687714650297,0.6115457939691334,-0.5832764800020522,0.7218555921135464,1.3555314281305906,2.8918518295181252,0.45880000000000004,4.833333333333333,55118.460666666666,3.8475911452687575,6.77347768875044,0.021331058020477814,0.9975522797277627,0.6676594270526128
55.0,1606982.16,1638048.29,666.6,3,17,24.14,0,0.18,2019,8,7,2,2561,2,1,0,0,1,0,1,0,0,0,1,3,0,2,1,1.3105365645725915,0.324365579834032,0.3459492523496196,2.5023664891863406,0.8789637943176785,1.3105365645725915,-0.06146705159544525,-0.24057631418757877,1.30490837216543,-1.2815324416964484,-0.5022239635735404,0.9546015766005977,1.0193319694351803,0.2414,2.8333333333333335,29782.69618181818,3.2244602031621015,4.913247398615299,0.03977724741447892,0.5494810110217389,1.5533790722627516
45.0,373637.06,1101270.86,705.4,3,15,17.95,0,0.18,2024,2,1,3,922,2,0,0,0,1,1,0,0,0,1,0,1,1,2,1,-0.5330305050173397,0.05009054822463457,0.0804361521705443,-0.5112217114578319,0.09079683384630259,-0.5330305050173397,-0.18511213611247343,0.24786977098933322,1.30490837216543,-1.3979084353121811,-0.8507544350410228,-1.30355659060785,2.9474347646349646,0.1795,2.5,24472.68577777778,2.9418039315284354,4.236744032862972,0.052770448548812667,0.07883065583652056,-0.6953837380612898
49.0,764009.05,337101.84,612.4,0,64,40.33,0,0.15,2023,12,11,0,974,1,0,0,1,0,0,0,0,0,0,0,2,0,0,2,0.050485775749730274,0.13690265774424382,0.16447498062818766,0.4426235853094599,0.40606361803485297,0.050485775749730274,-0.36113619707791794,-0.9228901754398644,-0.7751793624234595,1.4533034082732696,0.40936058134706366,-1.231912768341322,0.44122754828624083,0.4033,10.666666666666666,6879.6293877551025,3.721588628523641,6.350590523722971,0.024195499637067505,-1.608173859998655,0.4916130500360408
38.0,824546.34,888930.54,623.3,3,37,27.26,1,0.18,2024,3,24,6,870,3,1,0,0,1,0,0,0,1,1,0,2,0,2,0,0.1409750916161619,0.15036512427392576,0.17750737808477926,0.5905420088252903,-0.46092003848366053,0.1409750916161619,-0.2340240972818781,-0.7856720741917114,1.30490837216543,-0.11777250553912152,-0.32655109265616633,-1.3752004128743778,1.078084392443001,0.2726,6.166666666666667,23392.90894736842,3.3414473772563813,5.221110992882645,0.035385704175513094,-0.19346296337814903,0.6081391476962653
38.0,1198191.37,2429664.47,793.4,0,32,27.92,0,0.21,2024,10,27,6,653,3,1,1,0,0,0,0,1,0,0,0,2,1,0,1,0.699488416900336,0.233457441593664,0.2579452460276637,1.5035162069125396,-0.46092003848366053,0.699488416900336,0.120879381042654,1.3556856342771761,-0.7751793624234595,-0.40871248957845324,-0.2893895238082603,-1.6741755942558503,2.0277766397199137,0.2792,5.333333333333333,63938.53868421053,3.3645333972905638,5.2839379254491625,0.03457814661134163,0.9762565980712227,1.1535157363939597
22.0,289112.81,1846490.37,662.8,0,53,5.0,0,0.18,2024,10,11,4,669,1,1,0,0,1,1,0,0,0,0,0,0,0,0,0,-0.6593748054745165,0.03129378863114318,0.062239869834147775,-0.717750510630341,-1.721987175237862,-0.6593748054745165,-0.013453038415894899,-0.2884138173750092,-0.7751793624234595,0.8132354433867399,-1.5799094601628154,-1.6521313412507648,6.386746993327622,0.05,8.833333333333334,83931.38045454546,1.791759469228055,2.23606797749979,0.16666666666666666,0.6832519923525437,-1.165420205487974
55.0,322328.61,400138.53,648.6,1,50,16.55,1,0.21,2020,2,4,1,2380,2,0,1,0,0,1,0,0,0,1,0,1,0,0,0,-0.6097248291053031,0.038680419181612316,0.0693905286667228,-0.6365901420076768,0.8789637943176785,-0.6097248291053031,-0.346615883020146,-0.46717501349645574,-0.08181678422716306,0.6386714529631409,-0.9295820053244598,0.7052259644805678,1.2413993594921655,0.1655,8.333333333333334,7275.246,2.865053949911875,4.068169121361598,0.05698005698005698,-1.3346192363480798,-0.9630655170044635
36.0,546757.26,1513322.24,589.2,0,37,5.0,0,0.18,2023,10,14,5,1032,2,1,0,0,1,1,0,0,0,1,0,1,0,0,0,-0.2742556497065084,0.08858954443196147,0.1177052676886759,-0.08821521310375456,-0.6185534305779358,-0.2742556497065084,-0.09019732625271817,-1.2149507212157493,-0.7751793624234595,-0.11777250553912152,-1.5799094601628154,-1.152002351197887,2.767813709506116,0.05,6.166666666666667,42036.72888888889,1.791759469228055,2.23606797749979,0.16666666666666666,0.45899211101111864,-0.04186589417945009
61.0,665138.26,1425274.48,753.8,0,53,23.38,0,0.21,2021,7,28,2,1840,2,1,1,0,0,0,0,1,0,1,0,1,1,0,0,-0.0973033001450388,0.11491547098483956,0.1431901918289665,0.20104006895838508,1.351863970600504,-0.0973033001450388,-0.1104788658970639,0.8571684957976465,-0.7751793624234595,0.8132354433867399,-0.5450160731559777,-0.03876757444106841,2.142824380603215,0.23379999999999998,8.833333333333334,23365.155409836065,3.1937631240531252,4.835286961494633,0.04101722723543889,0.38940159539840036,0.27509221960895963
56.0,1002066.75,1257860.83,610.8,1,20,42.04,0,0.15,2021,11,15,0,1730,1,1,0,1,0,0,0,1,0,0,0,2,0,0,1,0.40632724816675203,0.18984265255377478,0.21572376569937354,1.0243000972544865,0.957780490364816,0.40632724816675203,-0.14904210225287373,-0.9430322820450981,-0.08181678422716306,-1.1069684512728493,0.5056428279075476,-0.19032181385103134,1.2552665079447054,0.4204,3.3333333333333335,22461.800535714287,3.762129915853529,6.483826030978931,0.023234200743494426,0.24122501875267668,0.8979110881887554
45.0,718304.66,965596.29,688.9,0,54,40.21,0,0.26,2019,3,4,0,2717,2,1,0,0,0,0,0,0,1,0,0,2,0,0,0,-0.017831768415074355,0.12673877659537622,0.15463579265014848,0.33094826392403454,0.09079683384630259,-0.017831768415074355,-0.2163643697886574,0.04015429662286267,-0.7751793624234595,0.8714234401946063,0.4026039324656263,1.1695330434001816,1.344271231652597,0.4021,9.0,21457.695333333333,3.718680945350726,6.341135544995076,0.02426595486532395,-0.08671094017580705,0.3959999132357856
24.0,497187.61,1568936.84,561.9,0,12,15.12,0,0.21,2023,7,8,5,1130,1,0,1,0,0,1,0,0,0,1,0,1,0,0,1,-0.3483508679800464,0.07756609501734364,0.10703397102864805,-0.20933501351489778,-1.5643537831435868,-0.3483508679800464,-0.07738666855166557,-1.558625415167547,-0.7751793624234595,-1.57247242573578,-1.0100987378282564,-1.0169813015417382,3.1556233672033787,0.1512,2.0,65372.36833333334,2.780060737078482,3.888444419044716,0.0620347394540943,0.5004322171367789,-0.20023152636801675
53.0,679460.1,1604173.34,751.4,0,36,22.36,0,0.21,2018,4,17,1,3038,2,1,1,0,0,1,0,0,0,0,0,1,1,0,0,-0.07589544552273089,0.11810040528968638,0.14627338090448858,0.23603443350040468,0.7213304022234033,-0.07589544552273089,-0.06927004557706645,0.8269553358897965,-0.7751793624234595,-0.17596050234698787,-0.6024475886481961,1.6117958693147096,2.360952968393582,0.2236,6.0,30267.421509433963,3.151025157960026,4.728636167014756,0.04280821917808219,0.5257644524005302,0.3087797976338197
34.0,637668.9,628429.33,778.3,0,42,15.69,0,0.21,2019,10,21,0,2486,2,0,1,0,0,0,0,0,1,0,0,1,1,0,0,-0.13836367125991236,0.10880675122563355,0.1372766199231511,0.1339207045767153,-0.776186822672211,-0.13836367125991236,-0.2940297762226602,1.1655945031902846,-0.7751793624234595,0.17316747850021016,-0.9780046556414285,0.8512691406392593,0.9855103957555401,0.15689999999999998,7.0,18483.215588235293,2.8148097376737438,3.9610604640676716,0.05991611743559018,-0.6636985449909264,0.20796155041526165
41.0,1410929.18,1353913.5,726.3,0,23,18.81,0,0.15,2021,3,28,6,1962,2,1,0,1,0,0,0,1,0,0,0,3,1,0,1,1.0174824811510306,0.28076672231506467,0.30374319459729526,2.0233254266085368,-0.2244699503422478,1.0174824811510306,-0.12691665539823194,0.5109760385201956,-0.7751793624234595,-0.9324044608492503,-0.8023317847240544,0.12931985472270865,0.9595899774360043,0.1881,3.8333333333333335,33022.28048780488,2.9861868607104594,4.337049688440288,0.05047955577990914,0.3290031455166343,1.3791257854799037
45.0,591911.51,862355.95,574.9,2,30,37.72,1,0.15,2024,5,1,2,832,2,0,0,1,0,0,0,1,0,1,0,1,0,1,1,-0.206760438226744,0.09863108377569313,0.12742602216668938,0.022115881582507328,0.09079683384630259,-0.206760438226744,-0.24014547505023057,-1.3949707990000246,0.6115457939691334,-0.5250884831941859,0.2624034681757989,-1.427555513761456,1.456900120087207,0.3772,5.0,19163.465555555555,3.656356262408376,6.141661013113635,0.025826446280991736,-0.2331393527297218,0.08800765135266071
28.0,437706.61,347644.71,752.9,2,64,62.4,0,0.21,2021,5,10,0,1919,2,1,1,0,0,0,1,0,0,0,0,1,1,1,2,-0.4372612734020801,0.06433852946804315,0.0942289704560171,-0.35467246996769114,-1.2490869989550364,-0.4372612734020801,-0.3587076783300227,0.845838560832203,0.6115457939691334,1.4533034082732696,1.6520209214581034,0.07007592477154133,0.7942413983649916,0.624,10.666666666666666,12415.882500000002,4.14946386144318,7.899367063252599,0.015772870662460567,-1.5582346080611724,-0.4174800962212399
27.0,691961.06,664556.43,627.9,0,40,25.95,0,0.15,2018,6,4,0,2990,1,1,0,1,0,1,0,0,0,1,0,1,0,0,0,-0.05720938742410052,0.12088040676627865,0.1489645730491808,0.2665796114499705,-1.327903695002174,-0.05720938742410052,-0.28570800618688363,-0.7277635177016648,-0.7751793624234595,0.056791484884477494,-0.4003111762785254,1.5456631102994531,0.9603957049259391,0.2595,6.666666666666667,24613.201111111113,3.2939832973550063,5.094114250780011,0.03710575139146568,-0.5853540130406919,0.33749175468804665
23.0,602695.23,329528.2,602.2,3,70,46.75,0,0.21,2020,6,14,6,2249,1,0,1,0,0,0,0,0,0,0,1,1,0,2,2,-0.19064125870458246,0.10102920020220416,0.12974752887933869,0.04846510967045327,-1.6431704791907245,-0.19064125870458246,-0.36288076252639734,-1.0512961050482272,1.30490837216543,1.8024313891204677,0.7708412965039679,0.5247386430014301,0.5467576041708511,0.4675,11.666666666666666,14327.313043478262,3.865979066926739,6.837397165588672,0.020942408376963352,-1.6452490760996195,0.1172616042105805
37.0,227738.58,1955322.06,661.2,0,59,19.67,1,0.18,2022,3,2,2,1623,2,2,0,0,1,0,1,0,0,0,0,0,0,0,2,-0.7511151540188441,0.017645200840708503,0.04902729690674602,-0.8677139355887097,-0.5397367345307982,-0.7511151540188441,0.011616017688384684,-0.30855592398024156,-0.7751793624234595,1.162363424233938,-0.7539091344070857,-0.3377427558225407,8.585818265837963,0.1967,9.833333333333334,52846.542162162164,3.028683373693677,4.435087372307337,0.04837929366231253,0.7459210529144618,-1.625619340440047
53.0,535733.1,1263154.3,659.7,0,63,35.67,0,0.21,2022,6,9,3,1524,1,0,1,0,0,0,1,0,0,0,0,1,0,0,2,-0.29073423169129964,0.08613795822752683,0.11533199933217927,-0.11515193867878912,0.7213304022234033,-0.29073423169129964,-0.1478227671822126,-0.32743914892264797,-0.7751793624234595,1.3951154114654034,0.1469773831179091,-0.47414157129150736,2.3578052205473212,0.3567,10.5,23833.100000000002,3.6019589820832345,5.972436688655645,0.02727024815925825,0.246274360446574,-0.07554690697891679
32.0,511239.76,767701.74,652.1,3,33,73.07,1,0.21,2020,9,19,5,2152,0,0,1,0,0,1,0,0,0,0,0,1,0,2,0,-0.3273461378384679,0.0806910548403729,0.11005910155430661,-0.174999616687455,-0.9338202147664861,-0.3273461378384679,-0.26194879080317224,-0.42311415529750745,1.30490837216543,-0.3505244927705869,2.252799617832584,0.3910953591580992,1.501647172356078,0.7306999999999999,5.5,23990.679375,4.305010592025198,8.548099203916623,0.013500742540839748,-0.38771226885550575,-0.1534665338132564
42.0,400660.8,2661405.54,785.5,0,15,15.95,1,0.21,2024,4,11,3,852,1,0,1,0,0,0,0,0,0,1,0,1,1,0,1,-0.4926362332428298,0.0561001696539524,0.08625379152049857,-0.4451911868290999,-0.1456532542951102,-0.4926362332428298,0.17426024727284653,1.256233982913836,-0.7751793624234595,-1.3979084353121811,-0.9633652497316472,-1.400000197505099,6.642540373303303,0.1595,2.5,63366.798571428575,2.830267833826459,3.9937451095431715,0.058997050147492625,1.0695022898495679,-0.571647456041706
42.0,955099.51,1032603.29,840.9,6,40,5.0,0,0.15,2021,8,16,0,1821,1,1,0,1,0,0,0,1,0,0,0,2,1,2,0,0.336122033897423,0.17939793498396714,0.20561271284056326,0.9095390946114931,-0.1456532542951102,0.336122033897423,-0.20092950663088172,1.9536544241200458,3.3849961067543193,0.056791484884477494,-1.5799094601628154,-0.06494512488460746,1.081147335108569,0.05,6.666666666666667,24585.79261904762,1.791759469228055,2.23606797749979,0.16666666666666666,-0.0016095764498905353,0.8276477226558719
50.0,350766.56,361545.82,587.3,0,69,39.79,0,0.18,2021,10,17,6,1759,3,2,0,0,1,0,0,1,0,0,0,1,0,0,2,-0.5672166388618384,0.045004536928669875,0.07551261750239219,-0.5671040990741062,0.48488031408199056,-0.5672166388618384,-0.35550559898620504,-1.2388694728094654,-0.7751793624234595,1.7442433923126013,0.3789556613805951,-0.15036660527931384,1.030730580474946,0.3979,11.5,7230.9164,3.708436953329467,6.307931515164063,0.024515812699190977,-1.49516311980852,-0.8088513926140039
58.0,694251.97,723868.5,638.3,2,60,25.3,1,0.15,2024,8,30,4,711,2,1,0,1,0,1,0,0,0,0,0,1,0,1,2,-0.05378500422803145,0.12138986629440607,0.14945775749231127,0.2721772818381996,1.1154138824590913,-0.05378500422803145,-0.27204564726834657,-0.5968398247676473,0.6115457939691334,1.2205514210418043,-0.4369096910529782,-1.5942651771124152,1.0426596268786965,0.253,10.0,12480.491379310344,3.269568939183719,5.029910535983717,0.03802281368821293,-0.46745779486545713,0.3426856465974753
58.0,498161.03,3087888.03,700.7,0,65,59.65,0,0.21,2024,9,27,4,683,3,0,1,0,0,0,0,1,0,1,0,1,1,0,2,-0.3468958291130818,0.07778256711527408,0.10724352775529035,-0.2069565332126116,1.1154138824590913,-0.3468958291130818,0.27249922040009333,0.18870233283646065,-0.7751793624234595,1.511491405081136,1.4971810512584949,-1.6328426198713148,6.198574043417246,0.5965,10.833333333333334,53239.448793103445,4.105119635390059,7.723341245859851,0.016488046166529265,1.217510806440396,-0.19694089955137897
65.0,573338.89,616224.77,660.8,0,38,62.61,0,0.26,2021,7,25,6,1843,2,0,0,0,0,0,0,1,0,0,0,1,0,0,0,-0.23452223063018998,0.0945008480958584,0.12342773011149098,-0.023264951800661713,1.6671307547890544,-0.23452223063018998,-0.2968410603198569,-0.3135914506315511,-0.7751793624234595,-0.05958450873125519,1.663845057000619,-0.03463427700261487,1.0748002285349945,0.6261,6.333333333333333,9480.381076923077,4.152770690690713,7.912648102879339,0.015720798616569723,-0.691425597300647,0.03608529265626262
28.0,555440.79,1193803.4,720.0,0,60,13.89,0,0.26,2020,1,29,2,2386,2,0,0,0,0,0,0,0,0,1,0,1,1,0,2,-0.2612757708747067,0.09052061422356414,0.11957464793820866,-0.0669976450865469,-1.2490869989550364,-0.2612757708747067,-0.16379754073376077,0.43166649376208927,-0.7751793624234595,1.2205514210418043,-1.0793543888629902,0.7134925593574749,2.149290116053594,0.1389,10.0,42635.83571428571,2.7006898466959175,3.726929030716845,0.0671591672263264,0.1779702983381257,-0.01590749438170577
47.0,263243.33,1657322.05,758.7,2,12,23.69,0,0.21,2020,1,17,4,2398,1,1,1,0,0,0,0,0,1,0,1,0,1,1,1,-0.6980437242024665,0.02554085504854843,0.05667071823592877,-0.7809606856939144,0.24843022594057776,-0.6980437242024665,-0.05702739830346366,0.9188536972761753,0.6115457939691334,-1.57247242573578,-0.5275613968789308,0.730025749111289,6.29577983989186,0.2369,2.0,35262.17127659575,3.206398303357088,4.867237409455183,0.04050222762251924,0.5627074386815469,-1.3435100198341219
47.0,600437.29,36795450.45999997,746.2,1,27,43.74,0,0.26,2019,8,16,4,2552,2,1,0,0,0,1,0,0,0,0,0,1,1,0,1,-0.19401635933871136,0.10052707264287616,0.12926144217950233,0.042947999056593175,0.24843022594057776,-0.19401635933871136,8.036935973115929,0.7614934894227885,-0.08181678422716306,-0.6996524736177849,0.6013620203945784,0.9422016842852371,61.28108808831638,0.4374,4.5,782881.9246808505,3.8008679560619836,6.613622305514581,0.022351363433169423,3.0675643591208757,0.11118881100847176
54.0,1902959.99,5469084.86,735.7,4,23,60.76,0,0.18,2022,3,29,1,1596,1,0,0,0,1,0,0,1,0,1,0,3,1,2,1,1.7529553009965553,0.3901860291786079,0.4096670157133167,3.225566586336982,0.8001470982705409,1.7529553009965553,0.8210008280348066,0.6293109148259436,1.9982709503617262,-0.9324044608492503,1.5596800534117914,-0.37494243276862255,2.8739883595765985,0.6076,3.8333333333333335,101279.34925925927,4.123255905716521,7.794870107962031,0.016191709844559588,1.7419327088249326,1.7729213366948622
45.0,509804.73,432175.8,814.4,0,75,63.7,0,0.21,2018,1,16,1,3129,3,1,1,0,0,0,0,1,0,0,0,1,1,0,2,-0.32949117741569056,0.0803719285077589,0.10975016996318099,-0.178506007133706,0.09079683384630259,-0.32949117741569056,-0.33923619316089676,1.620050783470866,-0.7751793624234595,2.0933713731597994,1.7252179510070094,1.7371725582811335,0.8477281095450017,0.637,12.5,9603.906666666666,4.169761201506855,7.981227975693966,0.015455950540958269,-1.2151714828640685,-0.15817077326542195
50.0,523512.2,463460.22,570.8,0,58,20.54,0,0.26,2020,9,19,5,2152,2,2,0,0,0,0,0,1,0,1,0,1,0,0,2,-0.3090016645458604,0.08342023734486774,0.11270109817890234,-0.1450128105801347,0.48488031408199056,-0.3090016645458604,-0.3320299200600211,-1.4465849471759358,-0.7751793624234595,1.1041754274260716,-0.7049234300166642,0.3910953591580992,0.8852901995407174,0.2054,9.666666666666666,9269.204399999999,3.0699116717282426,4.532107677449864,0.04642525533890437,-1.1085985778710017,-0.11387510200755277
53.0,1606205.35,437211.3,801.0,0,39,36.38,0,0.26,2020,12,4,4,2076,1,0,0,0,0,0,0,1,0,1,0,3,1,0,0,1.3093754124057504,0.324192830465421,0.3457820215953481,2.500468410984107,0.7213304022234033,1.3093754124057504,-0.33807628071248125,1.4513606406520356,-0.7751793624234595,-0.001396511923388845,0.1869542223330808,0.286385157383943,0.27220137201012307,0.3638,6.5,8249.269811320755,3.6211358020274167,6.031583540000089,0.026752273943285176,-1.1973883354340318,1.5527401203064004
48.0,637870.51,800392.18,659.0,1,47,8.52,0,0.15,2021,9,6,0,1800,3,1,0,1,0,0,0,0,1,1,0,1,0,0,0,-0.1380623107105414,0.10885158587014851,0.13732002228971266,0.1344133238096711,0.3272469219877154,-0.1380623107105414,-0.2544186451770813,-0.3362513205624382,-0.08181678422716306,0.4641074625395419,-1.3817144263073167,-0.0938782069537822,1.2547878722281738,0.0852,7.833333333333333,16674.837083333336,2.253394848803274,2.9189039038652846,0.10504201680672269,-0.3317978612014692,0.2084668836062682
53.0,788889.72,2125598.93,748.9,3,35,5.0,0,0.21,2024,1,5,4,949,2,0,1,0,0,0,0,1,0,0,0,2,1,2,0,0.08767665110273082,0.1424356967539362,0.1698312623584451,0.5034176757356684,0.7213304022234033,0.08767665110273082,0.05083878825540543,0.7954832943191192,1.30490837216543,-0.23414849915485422,-1.5799094601628154,-1.266356913661768,2.6944183402465938,0.05,5.833333333333333,40105.64018867925,1.791759469228055,2.23606797749979,0.16666666666666666,0.8358311447213868,0.5408082181124088
45.0,148392.597,478200.7,612.8,0,68,61.99,0,0.21,2024,7,30,1,742,2,1,1,0,0,1,0,0,0,0,0,0,0,0,2,-0.8697191370914185,0.0,0.031945785873794895,-1.0615900195309194,0.09079683384630259,-0.8697191370914185,-0.3286344943331578,-0.9178546487885563,-0.7751793624234595,1.686055395504735,1.6289357044465256,-1.551554436915062,3.2225374423496342,0.6199,11.333333333333334,10626.682222222222,4.142975983633837,7.873372847769881,0.015875535799333228,-1.0614053666674417,-2.5106601069380368
39.0,750907.05,2146506.84,703.5,1,41,25.63,0,0.18,2019,12,4,2,2442,1,0,0,0,1,0,0,1,0,0,0,2,1,0,0,0.030901301180716885,0.1339889951658249,0.16165439729060743,0.41060981024776794,-0.38210334243652294,0.030901301180716885,0.055654863139597895,0.2239510193956187,-0.08181678422716306,0.11497948169234384,-0.41832890662902533,0.7906474448752742,2.858551987226648,0.2563,6.833333333333333,55038.63692307692,3.282038399825841,5.062608023538855,0.03755163349605708,0.8462585361684756,0.46492398742294316
45.0,355425.69,1009119.44,739.7,0,44,71.82,0,0.18,2019,9,5,3,2532,2,0,0,0,1,0,0,0,0,0,0,1,1,0,0,-0.56025231181263,0.046040648417678326,0.07651562959563141,-0.5557198569886855,0.09079683384630259,-0.56025231181263,-0.20633894163271332,0.6796661813390273,-0.7751793624234595,0.28954347211594283,2.1824178586509437,0.9146463680288802,2.8391854286053433,0.7182,7.333333333333333,22424.876444444442,4.287990642747287,8.474668135095321,0.013732491073880804,-0.030642000606960818,-0.7850252627891898
55.0,640774.26,453024.88,545.3,1,51,29.48,0,0.26,2018,4,15,6,3040,2,1,0,0,0,0,0,0,0,0,0,1,0,0,0,-0.1337218727598642,0.10949733061996411,0.1379451382160215,0.14150842374368025,0.8789637943176785,-0.1337218727598642,-0.33443366959223203,-1.767599771196845,-0.08181678422716306,0.6968594497710072,-0.20155308834957336,1.6145514009403454,0.706996064417444,0.2948,8.5,8236.816,3.4170707308184456,5.429548784199291,0.03280839895013123,-1.1431385155058125,0.215723804059255
37.0,531687.34,288959.27,764.2,3,13,46.14,0,0.15,2022,2,6,6,1647,1,1,0,1,0,0,0,0,1,0,0,1,1,2,1,-0.2967817117578797,0.08523824982321726,0.11446103281990262,-0.1250374562023421,-0.5397367345307982,-0.2967817117578797,-0.37222569489178275,0.9880921887316655,1.30490837216543,-1.5142844289279138,0.7364949980233275,-0.30467637631491246,0.5434759270363669,0.46140000000000003,2.1666666666666665,7809.710000000001,3.853121897507985,6.7926430790966785,0.021213406873143825,-1.8634350481837731,-0.08811778210209804
64.0,1891882.96,337966.03,784.5,0,44,39.06,0,0.26,2019,1,31,3,2749,0,0,0,0,0,0,0,0,0,0,0,3,1,0,0,1.736397690529817,0.3877226855828955,0.40728236556464653,3.19850067679862,1.588314058741917,1.736397690529817,-0.36093713348169193,1.243645166285565,-0.7751793624234595,0.28954347211594283,0.3378527140185174,1.2136215494103526,0.1786400306708191,0.3906,7.333333333333333,5280.71921875,3.6903783302376723,6.249799996799898,0.02496255616575137,-1.604008554410678,1.7654665895846344
48.0,729914.31,617789.22,703.3,0,15,28.7,0,0.15,2023,7,4,1,1134,2,1,0,1,0,1,0,0,0,0,0,2,1,0,1,-0.0004780136310607087,0.12932056584537935,0.15713510461359975,0.3593155913278639,0.3272469219877154,-0.0004780136310607087,-0.2964806939153442,0.22143325606996395,-0.7751793624234595,-1.3979084353121811,-0.2454713060789169,-1.0114702382904668,0.8463859545375949,0.287,2.5,12870.60875,3.391147045808654,5.357238094391549,0.03367003367003367,-0.6878338254878198,0.42096862047404654
50.0,695908.37,874663.2,700.6,6,33,48.22,1,0.15,2020,4,30,3,2294,1,0,0,1,0,0,0,1,0,1,0,1,1,2,0,-0.05130906744921034,0.12175822156038782,0.1498143453598405,0.27622457362664316,0.48488031408199056,-0.05130906744921034,-0.23731053661695442,0.18744345117363326,3.3849961067543193,-0.3505244927705869,0.8536102453015767,0.5867381045782332,1.2568654692283698,0.48219999999999996,5.5,17493.264,3.89630004496291,6.944062211702888,0.020316944331572533,-0.21458017592397233,0.3464281352709166
49.0,235547.76,2526243.78,682.7,3,27,39.64,0,0.21,2023,6,12,0,1156,2,1,1,0,0,0,1,0,0,0,0,0,0,2,1,-0.7394422272050104,0.019381830022065352,0.05070844810413306,-0.8486327776024278,0.40606361803485297,-0.7394422272050104,0.143126137854963,-0.037896366472416315,1.30490837216543,-0.6996524736177849,0.37050985027879835,-0.9811593904084742,10.724974756711758,0.39640000000000003,4.5,51555.99551020408,3.7047528032702264,6.2960304954788775,0.024606299212598423,1.0163932583836752,-1.5592155304304625
26.0,577596.49,1722628.27,740.6,1,42,5.09,0,0.18,2019,3,18,0,2703,3,1,0,0,1,1,0,0,0,0,0,1,1,0,0,-0.22815809851867794,0.09544766612317301,0.12434430129284357,-0.012861818790231332,-1.4067203910493116,-0.22815809851867794,-0.04198430476022799,0.690996116304471,-0.08181678422716306,0.17316747850021016,-1.5748419735017374,1.1502443220207317,2.982407787831259,0.0509,7.0,66254.93346153846,1.8066480817218056,2.2561028345356955,0.16420361247947454,0.6061550768620417,0.048165494327520694
55.0,849816.64,547293.84,716.1,1,22,45.8,0,0.15,2022,7,27,2,1476,3,1,0,1,0,0,0,1,0,0,0,2,1,0,1,0.178748374145649,0.1559848103871466,0.18294753890874924,0.6522881315501777,0.8789637943176785,0.178748374145649,-0.31271909503097983,0.38257010891183285,-0.08181678422716306,-0.9905924576571167,0.7173511595259212,-0.540274330306764,0.6440140310738091,0.45799999999999996,3.6666666666666665,9950.797090909091,3.845883202923601,6.767569726275452,0.021367521367521368,-0.861824822101642,0.6537659516594566
61.0,516947.43,1310691.87,620.9,0,19,38.54,0,0.18,2020,5,22,4,2272,1,1,0,0,1,0,0,1,0,0,0,1,0,0,1,-0.3188144848111957,0.08196034384120973,0.11128784212051074,-0.16105334409499839,1.351863970600504,-0.3188144848111957,-0.13687262931895677,-0.8158852340995614,-0.7751793624234595,-1.1651564480807157,0.3085739021989549,0.5564272566962406,2.535445180567007,0.38539999999999996,3.1666666666666665,21486.751967213117,3.6773128177424708,6.208059278067503,0.025290844714213456,0.29048471439480744,-0.13491236291902692
57.0,1422185.18,3128556.86,660.6,1,22,16.79,0,0.21,2019,10,29,1,2478,3,1,1,0,0,0,0,1,0,0,1,3,0,0,1,1.0343076105777451,0.28326986580328656,0.306166373199631,2.0508286362020645,1.0365971864119536,1.0343076105777451,0.2818671644333562,-0.3161092139572044,-0.08181678422716306,-0.9905924576571167,-0.916068707561585,0.8402470141367165,2.199823837286787,0.1679,3.6666666666666665,54886.96245614035,2.8786365016777435,4.097560249709575,0.056211354693648116,1.2303001363526316,1.3899022640397782
44.0,394382.82,3655495.45,678.0,3,72,35.28,0,0.21,2020,11,17,1,2093,0,0,1,0,0,1,0,0,0,0,0,1,0,2,2,-0.5020203684630079,0.05470405338208076,0.08490227528010307,-0.46053097003485477,0.011980137799164995,-0.5020203684630079,0.40324590141906314,-0.09706380462529031,1.30490837216543,1.9188073827362004,0.1250182742532373,0.30980717620184633,9.268901343116315,0.3528,12.0,83079.44204545455,3.591266625246936,5.939696961966999,0.027563395810363836,1.3795392540204712,-0.5994766148455088
49.0,725290.68,790100.78,660.5,1,37,20.21,0,0.21,2024,11,27,2,622,0,1,1,0,0,0,1,0,0,1,0,2,0,0,0,-0.00738927635060944,0.12829234895425928,0.15613973491911523,0.34801809088606184,0.40606361803485297,-0.00738927635060944,-0.25678923855839864,-0.3173680956200318,-0.08181678422716306,-0.11777250553912152,-0.7235042144406172,-1.7168863344532035,1.089357414602377,0.2021,6.166666666666667,16124.505714285715,3.0544727685765913,4.495553358597805,0.04714757190004715,-0.3490930882277947,0.4110824288124857
51.0,820495.22,1925703.48,587.8,0,63,5.33,0,0.15,2019,9,20,4,2517,2,1,0,1,0,0,0,0,0,0,1,2,0,0,2,0.1349195995831882,0.14946422389652655,0.1766352576779301,0.5806433945352643,0.5636970101291281,0.1349195995831882,0.0047934658769674815,-1.23257506449533,-0.7751793624234595,1.3951154114654034,-1.5613286757388625,0.8939798808366125,2.347001460898212,0.0533,10.5,37758.891764705884,1.8453002361560848,2.3086792761230392,0.1579778830963665,0.7292984151120157,0.6006678567194057
55.0,1142427.07,2605066.49,742.4,0,38,47.04,1,0.18,2021,11,29,0,1716,1,1,0,0,1,0,0,1,0,1,0,2,1,0,0,0.616133622578184,0.22105640708582358,0.2459403723128243,1.3672602340326199,0.8789637943176785,0.616133622578184,0.16128271466895322,0.7136559862353581,-0.7751793624234595,-0.05958450873125519,0.7871698646341084,-0.20961053523048118,2.280291283714067,0.4704,6.333333333333333,47364.845272727274,3.872033997211783,6.858571279792899,0.020815986677768527,1.047777281368755,1.0862837264271745
53.0,312622.0,342850.46,671.7,0,34,41.56,0,0.21,2024,12,24,1,595,1,1,1,0,0,1,0,0,0,1,0,1,0,0,0,-0.6242339770747987,0.03652183375035703,0.0673009009434447,-0.6603075308911731,0.7213304022234033,-0.6242339770747987,-0.359812019558464,-0.1763733493833967,-0.7751793624234595,-0.29233649596272054,0.47861623238179785,-1.754086011399285,1.0966933229267295,0.4156,5.666666666666667,6468.876603773585,3.750914845033389,6.446704584514479,0.023496240601503758,-1.5807097472939524,-1.019500853475802
41.0,721644.31,687842.41,691.2,0,30,15.42,0,0.18,2018,12,14,4,2797,2,1,0,0,1,0,0,1,0,1,0,2,0,0,1,-0.012839760286971315,0.12748145811193984,0.15535474862201157,0.3391084535046161,-0.2244699503422478,-0.012839760286971315,-0.28034414995104706,0.0691085748678867,-0.7751793624234595,-0.5250884831941859,-0.9932071156246625,1.279754308425609,0.9531598884220399,0.1542,5.0,16776.644146341463,2.7985001040242823,3.9268307832143723,0.06090133982947624,-0.5375806832489641,0.4032320413530327
52.0,505378.45,4657610.54,646.6,0,45,21.44,0,0.15,2021,6,17,3,1881,1,0,0,1,0,0,0,1,0,0,1,1,0,0,0,-0.3361074473054274,0.0793875989094072,0.10879728554740746,-0.1893212973397864,0.6425137061762657,-0.3361074473054274,0.6340801319097887,-0.4923526467529976,-0.7751793624234595,0.3477314689238092,-0.6542485634058832,0.017720823884463232,9.216084579783724,0.2144,7.5,89569.43346153846,3.110845080654496,4.6303347611160905,0.044563279857397504,1.6014666415818006,-0.17278197691738326
43.0,4645138.409999997,797529.99,711.8,0,43,45.54,0,0.18,2020,10,14,2,2127,1,0,0,0,1,1,0,0,0,1,0,3,1,0,0,5.8518809253430115,0.9999999999999999,1.0,9.925878227071657,-0.06683655824797259,5.8518809253430115,-0.25507794213085555,0.328438197410267,-0.7751793624234595,0.2313554753080765,0.7027117536161401,0.3566512138376531,0.171691329645439,0.45539999999999997,7.166666666666667,18547.209069767443,3.8403121578741457,6.748333127521195,0.021486892995272885,-0.33658035356876126,2.813226169414554
53.0,674012.69,182266.2839,704.9,0,35,42.75,0,0.21,2019,7,24,2,2575,2,1,1,0,0,0,0,1,0,0,0,1,1,0,0,-0.08403806974895513,0.1168889936986083,0.1451006688087041,0.22272408710986796,0.7213304022234033,-0.08403806974895513,-0.39680210691363066,0.24157536267519775,-0.7751793624234595,-0.23414849915485422,0.5456196671227193,0.9738902979800476,0.2704196621283199,0.4275,5.833333333333333,3438.9864886792457,3.7784916128036232,6.5383484153110105,0.022857142857142857,-2.6829074705548175,0.2960683000152097
23.0,676177.53,904671.1,781.0,0,40,32.9,0,0.18,2023,9,5,1,1071,2,0,0,0,1,0,0,1,0,0,0,1,1,0,0,-0.08080213218782059,0.11737041739699516,0.14556671304870772,0.22801371470905554,-1.6431704791907245,-0.08080213218782059,-0.23039830610145282,1.1995843080866166,-0.7751793624234595,0.056791484884477494,-0.008988595228605812,-1.098269484497991,1.3379194957868534,0.32899999999999996,6.666666666666667,39333.52608695652,3.5234150143864045,5.735852159879995,0.029498525073746312,-0.17064341226303692,0.3011347258088595
38.0,722752.75,2163500.02,726.0,1,36,33.37,0,0.26,2023,5,7,6,1192,2,0,0,0,0,1,0,0,0,0,0,2,1,0,0,-0.01118289759491849,0.1277279563678109,0.1555933722973823,0.3418168452638422,-0.46092003848366053,-0.01118289759491849,0.05956919161148073,0.507199393531715,-0.08181678422716306,-0.17596050234698787,0.01747494622369085,-0.9315598211470318,2.9934165176126966,0.3337,6.0,56934.21105263158,3.5371840908617425,5.776677245614471,0.02909514111143439,0.854641967212213,0.40562348937839454
45.0,302062.99,989106.52,674.8,0,48,30.57,0,0.21,2024,3,14,3,880,1,1,1,0,0,0,0,1,0,1,0,1,0,0,0,-0.6400172668640642,0.03417368901656441,0.06502776953851848,-0.6861076965921468,0.09079683384630259,-0.6400172668640642,-0.21094885823228518,-0.1373480178357579,-0.7751793624234595,0.5222954593474082,-0.14018019434318307,-1.3614227547461994,3.274504168815915,0.3057,8.0,21980.144888888888,3.4522073025699003,5.529014378711635,0.03167564143173899,-0.05604683876055718,-1.0833431286047404
62.0,357755.02,1624571.69,634.5,0,41,14.79,0,0.21,2021,9,13,0,1793,2,0,1,0,0,0,0,1,0,0,0,1,0,0,0,-0.5567704995589405,0.046558651902168374,0.07701708505172405,-0.5500283101512217,1.4306806666476417,-0.5567704995589405,-0.06457134632334056,-0.6446773279550763,-0.7751793624234595,0.11497948169234384,-1.0286795222522094,-0.10352256764350712,4.541017174266345,0.1479,6.833333333333333,26202.769193548385,2.7593768282675506,3.845776904605882,0.06333122229259025,0.5401186320009108,-0.7732542021888892
51.0,1223501.7,1898843.17,754.9,0,10,42.19,0,0.18,2019,11,1,4,2475,1,2,0,0,1,0,0,1,0,0,0,3,1,0,1,0.7373215350669009,0.23908602969994036,0.2633940244635252,1.5653601400034562,0.5636970101291281,0.7373215350669009,-0.0013937266435965535,0.8710161940887449,-0.7751793624234595,-1.6888484193515128,0.5140886390093442,0.8361137166982631,1.5519742800520833,0.4219,1.6666666666666667,37232.219019607845,3.7656089869726097,6.495382975621991,0.0231535077564251,0.7139496831482671,1.1827972764549057
23.0,478630.96,767999.06,668.8,0,52,12.78,1,0.18,2019,12,19,3,2427,0,1,0,0,1,0,0,1,0,0,0,1,0,0,0,-0.3760887889089948,0.07343941079464351,0.10303911697649507,-0.2546768253755713,-1.6431704791907245,-0.3760887889089948,-0.26188030402546136,-0.21288091760538355,-0.7751793624234595,0.7550474465788736,-1.1418533910162867,0.7699809576830065,1.6045745557286977,0.1278,8.666666666666666,33391.26347826087,2.6232182655855123,3.5749125863438955,0.07256894049346879,-0.38719060990288984,-0.26448945529197204
60.0,639414.32,684486.98,677.1,1,49,67.29,0,0.21,2024,6,15,5,787,2,1,1,0,0,0,0,1,0,0,0,1,0,0,0,-0.13575467006908304,0.10919490302975687,0.13765237191285337,0.13818551019938174,1.2730472745533665,-0.13575467006908304,-0.2811170632718269,-0.10839373959073388,-0.08181678422716306,0.5804834561552745,1.9273543633766803,-1.489554975338259,1.070490538904415,0.6729,8.166666666666666,11408.116333333333,4.223763342972998,8.203048213926333,0.014643432420559379,-0.5443410448768512,0.2123300520920214
44.0,965176.7,1096253.14,677.1,0,17,10.88,0,0.26,2018,9,24,0,2878,1,0,0,0,0,0,1,0,0,0,0,2,0,0,1,0.35118511367777067,0.18163893112185578,0.2077821185956869,0.9341619685173037,0.011980137799164995,0.35118511367777067,-0.18626795299077029,-0.10839373959073388,-0.7751793624234595,-1.2815324416964484,-1.2488336649723797,1.3913533392638544,1.1358056405630181,0.10880000000000001,2.8333333333333335,24914.84409090909,2.474856313934499,3.2984845004941286,0.08417508417508417,0.07316396628237322,0.843069499992278
52.0,697246.08,1115089.52,659.9,2,36,46.81,1,0.18,2021,12,9,3,1706,1,0,0,0,1,0,0,1,0,0,0,1,0,1,0,-0.0493094988737475,0.12205570557563564,0.15010232601443632,0.27949316979805017,0.6425137061762657,-0.0493094988737475,-0.18192904888093306,-0.3249213855969946,0.6115457939691334,-0.17596050234698787,0.7742196209446868,-0.22338819335865961,1.5992768578921235,0.4681,6.0,21444.029230769233,3.867234822638012,6.84178339323893,0.020916126333403052,0.09427388886761001,0.34944273922837443
42.0,729844.99,1022594.7,678.4,4,63,35.57,0,0.18,2021,9,18,5,1788,2,1,0,0,1,0,0,1,0,0,0,2,0,2,2,-0.0005816310770327195,0.12930515025310824,0.15712018148453846,0.35914621299728244,-0.1456532542951102,-0.0005816310770327195,-0.20323495556983262,-0.09202827797398222,1.9982709503617262,1.3951154114654034,0.1413468423833778,-0.11041139670759634,1.40111217314789,0.3557,10.5,24347.492857142857,3.59922823216129,5.964059020499378,0.027344818156959255,-0.013882636154689381,0.42082095944782183
43.0,883827.97,1052427.09,834.5,2,81,47.28,0,0.18,2020,10,19,0,2122,2,0,0,0,1,1,0,0,0,0,0,2,1,1,2,0.22958748477328766,0.1635483533167189,0.19026945851544616,0.7353923193206687,-0.06683655824797259,0.22958748477328766,-0.19636315326082912,1.873085997699112,0.6115457939691334,2.4424993540069977,0.8006831623969834,0.3497623847735638,1.1907601091194253,0.4728,13.5,24475.048604651165,3.8770173962293306,6.876045375068434,0.020712510356255178,0.022273215945822954,0.7126557107349134
22.0,168692.86,583043.87,611.4,1,16,11.06,0,0.26,2023,7,31,0,1107,2,0,0,0,0,0,1,0,0,1,0,0,0,0,1,-0.8393749160207586,0.004514434180671802,0.036316002906789616,-1.0119878173194108,-1.721987175237862,-0.8393749160207586,-0.3044841819482217,-0.9354789920681353,-0.08181678422716306,-1.3397204385043147,-1.2386986916502236,-1.0486699152365486,3.4562450953762953,0.1106,2.6666666666666665,26501.99409090909,2.4898941912990393,3.3256578296631782,0.08291873963515754,-0.770354639606317,-2.237494411179797
47.0,452022.42,1664775.5,628.9,3,45,8.25,1,0.15,2024,11,2,5,647,1,0,0,1,0,0,0,0,0,0,0,1,0,2,0,-0.41586243224196506,0.06752212280316414,0.09731086140014507,-0.31969283928795367,0.24843022594057776,-0.41586243224196506,-0.0553105182640152,-0.7151747010733939,1.30490837216543,0.3477314689238092,-1.3969168862905508,-1.6824421891327572,3.6829489563814115,0.0825,7.5,35420.755319148935,2.224623551524334,2.8722813232690143,0.10810810810810811,0.5677716807774542,-0.3620687239623825
62.0,699228.73,1497731.76,793.8,1,34,44.89,0,0.15,2019,7,19,4,2580,1,0,0,1,0,0,0,0,0,0,0,1,1,0,0,-0.04634589343150548,0.12249661330812703,0.15052914860291544,0.28433762950848096,1.4306806666476417,-0.04634589343150548,-0.09378854695151141,1.3607211609284842,-0.08181678422716306,-0.29233649596272054,0.6661132388416873,0.9807791270441367,2.141976860704794,0.4489,5.666666666666667,24156.963870967742,3.8262472284067424,6.7,0.021791239921551537,0.44703813954528,0.35389794440333133
22.0,1159157.92,386464.06,661.9,0,68,36.74,0,0.15,2021,6,24,3,1874,1,0,0,1,0,0,1,0,0,1,0,2,0,0,2,0.6411423927157948,0.22477706435571665,0.24954217026226364,1.4081408376420614,-1.721987175237862,0.6411423927157948,-0.3497657565140363,-0.29974375234045275,-0.7751793624234595,1.686055395504735,0.20722416897739315,0.008076463194738316,0.33340069832762737,0.3674,11.333333333333334,17566.548181818183,3.630720539940404,6.061352984276695,0.02649708532061473,-1.3892403359899024,1.106863808134952
46.0,560370.0,749818.44,656.2,0,34,22.75,0,0.26,2020,11,25,2,2085,1,1,0,0,0,1,0,0,0,0,0,1,0,0,0,-0.2539077363845277,0.09161678692377541,0.12063580254005829,-0.05495348235018289,0.16961352989344017,-0.2539077363845277,-0.2660681557696601,-0.37150000712159625,-0.7751793624234595,-0.29233649596272054,-0.5804884797835244,0.2987850496993036,1.3380774131377482,0.2275,5.666666666666667,16300.400869565216,3.1675825304806504,4.769696007084728,0.042105263157894736,-0.41955400925863506,-0.001389003999348325
37.0,339560.0,1050898.33,767.6,3,26,5.0,0,0.26,2021,11,25,3,1720,2,1,0,0,0,0,1,0,0,0,0,1,1,2,1,-0.5839678668671904,0.04251238805790157,0.07310008228581508,-0.5944865056574793,-0.5397367345307982,-0.5839678668671904,-0.196715298579991,1.0308941652677863,1.30490837216543,-0.7578404704256513,-1.5799094601628154,-0.20409947197920977,3.0948825833431504,0.05,4.333333333333333,28402.65756756757,1.791759469228055,2.23606797749979,0.16666666666666666,0.020451188479009296,-0.8677581268954746
60.0,344570.05,677375.4,583.5,0,64,11.8,0,0.21,2018,1,28,6,3117,2,0,1,0,0,0,1,0,0,1,0,1,0,0,2,-0.5764789951823724,0.0436265382029945,0.0741786400289416,-0.582244816316323,1.2730472745533665,-0.5764789951823724,-0.2827551945735651,-1.2867069759968943,-0.7751793624234595,1.4533034082732696,-1.1970326902146926,1.7206393685273194,1.9658568700326684,0.11800000000000001,10.666666666666666,11289.59,2.5494451709255714,3.4351128074635335,0.078125,-0.5588047736545978,-0.8411375794141469
53.0,878633.96,1538256.8,751.6,0,23,9.34,0,0.18,2018,8,8,2,2925,2,0,0,0,1,0,0,1,0,1,0,2,1,0,1,0.22182363522694348,0.1623932935877513,0.1891512980772516,0.7227011372257078,0.7213304022234033,0.22182363522694348,-0.08445372451708835,0.8294730992154513,-0.7751793624234595,-0.9324044608492503,-1.3355439922841605,1.4561083324662931,1.7507367914620555,0.0934,3.8333333333333335,29023.71320754717,2.336019869080283,3.056141357987225,0.09671179883945842,0.47779930037703605,0.7038409268965203
29.0,479368.33,939574.34,693.4,2,77,31.77,0,0.26,2019,2,10,6,2739,2,1,0,0,0,0,0,1,0,0,0,1,0,1,2,-0.3749865904650203,0.07360338937619203,0.10319785713338955,-0.252875115917684,-1.170270302907899,-0.3749865904650203,-0.22235844857667178,0.0968039714500819,0.6115457939691334,2.2097473667755323,-0.07261370552880851,1.199843891282174,1.9600258949104958,0.3177,12.833333333333334,32399.115172413793,3.489513462710723,5.636488268416781,0.03051571559353067,-0.12173983024089018,-0.26187912152718257
63.0,538229.31,1108314.3,724.9,2,15,21.13,1,0.15,2022,6,26,6,1507,1,0,0,1,0,0,0,1,0,0,0,1,1,1,1,-0.28700297224511445,0.08669307299358356,0.11586938052078417,-0.10905263281352057,1.5094973626947792,-0.28700297224511445,-0.1834897006570732,0.49335169524061656,0.6115457939691334,-1.3979084353121811,-0.6717032396829301,-0.49756359010941076,2.0591860744261585,0.2113,2.5,17592.290476190476,3.0969341540629585,4.596737973824482,0.045187528242205156,0.08673173068837983,-0.0678477265714709
59.0,757869.59,743782.17,723.5,0,60,17.67,0,0.15,2022,12,4,6,1346,2,0,0,1,0,0,0,0,1,0,1,2,1,0,2,0.041308696049113844,0.13553734597094966,0.16315328481245414,0.4276222655536777,1.1942305785062288,0.041308696049113844,-0.26745859261108534,0.47572735196103755,-0.7751793624234595,1.2205514210418043,-0.8665199490977101,-0.7193838859730838,0.9814118151910542,0.17670000000000002,10.0,12606.47745762712,2.9269179575536315,4.20356991139674,0.05356186395286555,-0.43051315979069515,0.47917612888012046
49.0,148392.597,243956.89,642.9,1,28,61.94,0,0.15,2024,5,7,1,826,1,1,0,1,0,1,0,0,0,1,0,0,0,0,1,-0.8697191370914185,0.0,0.031945785873794895,-1.0615900195309194,0.40606361803485297,-0.8697191370914185,-0.3825918592787009,-0.5389312682776006,-0.08181678422716306,-0.6414644768099186,1.6261204340792597,-1.4358221086383631,1.6439963645895355,0.6194,4.666666666666667,4978.712040816326,4.142181891636261,7.8701969479804,0.01588814744200826,-2.1544705332364016,-2.5106601069380368
62.0,1623674.15,234393.4,768.8,0,39,50.79,0,0.21,2022,10,26,2,1385,2,0,1,0,0,0,0,0,0,0,0,3,1,0,0,1.3354872479538482,0.32807759529902536,0.34954268456340803,2.5431521412388527,1.4306806666476417,1.3354872479538482,-0.38479478075646817,1.0460007452217106,-0.7751793624234595,-0.001396511923388845,0.9983151421790291,-0.6656510192731878,0.1443598766415047,0.5079,6.5,3780.5387096774193,3.9471970804358,7.126710321038733,0.019308746862328634,-2.2248855384066815,1.5670194627439336
46.0,361460.99,1487677.42,648.7,2,43,58.15,1,0.21,2022,8,2,1,1470,2,0,1,0,0,1,0,0,0,1,0,1,0,1,0,-0.5512309273395445,0.04738279677361877,0.0778149019675821,-0.5409730445455602,0.16961352989344017,-0.5512309273395445,-0.09610453426689265,-0.46591613183362834,0.6115457939691334,0.2313554753080765,1.4127229402405266,-0.548540925183671,4.115734370118336,0.5815,7.166666666666667,32340.81347826087,4.080076590424396,7.625614729318548,0.0169061707523246,0.4392475493785231,-0.7547156530459892
55.0,617271.97,1186879.86,692.4,0,74,33.04,0,0.21,2020,3,2,0,2353,1,0,1,0,0,0,0,1,0,0,0,1,0,0,2,-0.16885238724762014,0.10427081994372009,0.1328855925307079,0.08408230364791984,0.8789637943176785,-0.16885238724762014,-0.16539235758076754,0.08421515482181097,-0.7751793624234595,2.035183376351933,-0.0011058382002620743,0.668026287534486,1.9227826917201507,0.33039999999999997,12.333333333333334,21579.63381818182,3.5275363037051735,5.748043145279966,0.02937720329024677,0.17088423161187716,0.15581700966467013
45.0,211592.31,1338504.55,782.8,0,49,71.74,0,0.21,2020,8,20,3,2182,1,1,1,0,0,0,0,1,0,0,0,0,1,0,0,-0.7752501115977957,0.014054544247818268,0.045551346660518584,-0.9071661608875453,0.09079683384630259,-0.7752501115977957,-0.1304660612014317,1.2222441780175037,-0.7751793624234595,0.5804834561552745,2.177913426063319,0.43242833354263455,6.325865765159424,0.7173999999999999,8.166666666666666,29744.545555555556,4.286891439558843,8.469946871143879,0.013747594171020073,0.3154465599435599,-1.7720640557055742
44.0,428309.95,1081793.63,793.4,3,104,27.79,0,0.15,2021,8,2,0,1835,3,1,0,1,0,0,0,1,0,0,0,1,1,2,2,-0.45130711745670266,0.06224887165976001,0.09220606840862687,-0.3776325187824673,0.011980137799164995,-0.45130711745670266,-0.1895986581137946,1.3556856342771761,1.30490837216543,3.7808232805879234,-0.296709226763151,-0.04565640350515763,2.5257261242705193,0.2779,17.333333333333332,24586.21886363636,3.3600281046240843,5.271622141238881,0.03473428273706148,0.056654311837359195,-0.4550532777426382
33.0,1071508.93,1144178.17,670.0,0,29,19.89,0,0.15,2020,4,13,0,2311,1,0,0,1,0,0,0,0,0,1,0,2,0,0,1,0.5101273251188853,0.20528541558459676,0.23067319752911314,1.1939769656954513,-0.8550035187193485,0.5101273251188853,-0.17522856486889804,-0.19777433765145785,-0.7751793624234595,-0.5832764800020522,-0.7415219447911171,0.6101601233961365,1.0678195374442656,0.1989,4.833333333333333,34672.06575757576,3.0392705755684744,4.459820624195552,0.04786979415988511,0.1260267423993577,0.9948281771094054
27.0,188359.58,1940228.6,724.7,1,20,17.73,0,0.21,2018,11,13,1,2828,1,1,1,0,0,0,1,0,0,0,0,0,1,0,1,-0.8099776959249025,0.00888797914359675,0.040549831538819546,-0.9639336309141843,-1.327903695002174,-0.8099776959249025,0.008139284068354534,0.4908339319149633,-0.08181678422716306,-1.1069684512728493,-0.8631416246569914,1.3224650486229623,10.300663231463991,0.1773,3.3333333333333335,71860.31851851853,2.930126516455997,4.21070065428546,0.05339028296849973,0.7374892337737643,-2.0082635844196024
56.0,1003907.1,1344097.79,663.0,0,81,24.26,1,0.26,2021,8,13,4,1824,1,1,0,0,0,0,0,1,0,1,0,2,0,0,2,0.4090781478594007,0.1902519151798008,0.21611995410918242,1.0287968573624688,0.957780490364816,0.4090781478594007,-0.12917767500284652,-0.2858960540493544,-0.7751793624234595,2.4424993540069977,-0.49546731469210287,-0.060811827446153925,1.3388667039011877,0.2426,13.5,24001.74625,3.229222116922345,4.9254441424099005,0.0395882818685669,0.32038949938193306,0.9005829989067213
65.0,464848.65,2040359.44,845.8419999999999,0,14,16.61,0,0.21,2024,7,13,5,759,2,1,1,0,0,0,0,0,0,0,0,1,1,0,1,-0.3966901703543664,0.07037445881088769,0.10007207729252578,-0.2883528879744499,1.6671307547890544,-0.3966901703543664,0.031204125253202805,2.0158683558969597,-0.7751793624234595,-1.4560964321200474,-0.9262036808837412,-1.5281324180971587,4.389298409277944,0.1661,2.3333333333333335,31390.14523076923,2.8684669225081145,4.075536774462966,0.05678591709256105,0.7919761706237488,-0.3141913334918166
40.0,706402.48,1110169.53,748.5,1,10,19.54,1,0.18,2021,8,23,0,1814,2,1,0,0,1,0,0,1,0,0,0,2,1,0,1,-0.03562278822318158,0.12409193363494223,0.1520735051681701,0.3018661609425225,-0.30328664638938535,-0.03562278822318158,-0.18306235394439843,0.7904477676678111,-0.08181678422716306,-1.6888484193515128,-0.7612288373619764,-0.07458948557433237,1.5715821524295894,0.1954,1.6666666666666667,27754.238250000002,3.0223742045004123,4.420407221060069,0.04868549172346641,0.08880259264137935,0.36989166293959624
21.0,775791.0,797895.39,696.3,0,31,6.2,0,0.18,2018,12,17,0,2794,2,1,0,0,1,0,0,0,1,0,0,2,0,0,1,0.06809707937882403,0.1395227635918856,0.167011385135454,0.47141191511316155,-1.8008038712849996,0.06809707937882403,-0.2549937733276283,0.13331153967206735,-0.7751793624234595,-0.4669004863863196,-1.5123429713484409,1.2756210109871555,1.0284927125991408,0.062,5.166666666666667,37995.01857142857,1.9740810260220096,2.4899799195977463,0.1388888888888889,-0.335968625067816,0.5151459890289045
28.0,688852.07,36795450.45999997,336.81,0,31,76.02,0,0.21,2019,5,26,6,2634,1,1,1,0,0,1,0,0,0,1,0,1,0,0,1,-0.061856611938702795,0.12018902012151608,0.1482952732941278,0.2589830226445169,-1.2490869989550364,-0.061856611938702795,8.036935973115929,-4.392242150025053,-0.7751793624234595,-0.4669004863863196,2.4189005695012553,1.0551784809363003,53.41560555955065,0.7602,5.166666666666667,1314123.2307142846,4.344065128386763,8.718944890294926,0.012983640612827838,3.0675643591208757,0.33040986810685224
36.0,335802.05,548353.53,720.5,0,36,10.67,0,0.15,2019,5,7,1,2653,2,1,0,1,0,1,0,0,0,0,0,1,1,0,0,-0.5895851372233669,0.04167668371607823,0.07229107517594942,-0.6036687805768111,-0.6185534305779358,-0.5895851372233669,-0.3124749985912099,0.43796090207622473,-0.7751793624234595,-0.17596050234698787,-1.2606578005148954,1.0813560313798394,1.6329665944564664,0.1067,6.0,15232.042500000001,2.4570214462984645,3.266496594212215,0.0856898029134533,-0.8590088548392266,-0.8880385854321684
34.0,4645138.409999997,754723.81,722.8,1,48,58.44,0,0.21,2023,4,16,6,1213,1,1,1,0,0,1,0,0,0,0,0,3,1,0,0,5.8518809253430115,0.9999999999999999,1.0,9.925878227071657,-0.776186822672211,5.8518809253430115,-0.2649382183797119,0.4669151803212473,-0.08181678422716306,0.5222954593474082,1.4290515083706672,-0.9026267390778571,0.1624760649489453,0.5844,8.0,22197.75911764706,4.084967400409504,7.644605941446557,0.016823687752355317,-0.410727651369503,2.813226169414554
32.0,241867.2,1114927.48,672.0,4,40,42.58,0,0.15,2022,6,6,0,1527,2,0,0,1,0,0,0,1,0,1,0,0,0,2,0,-0.7299961188268692,0.0207871662947385,0.05206888980515871,-0.8331916899306329,-0.9338202147664861,-0.7299961188268692,-0.18196637431299367,-0.17259670439491598,1.9982709503617262,0.056791484884477494,0.536047747874016,-0.4700082738530538,4.609667950015545,0.42579999999999996,6.666666666666667,34841.48375,3.774598329516474,6.52533524043018,0.02294630564479119,0.09409416456380122,-1.5073939499530018
43.0,708204.37,1104632.03,660.4,6,37,25.63,1,0.15,2023,8,19,5,1088,2,0,0,1,0,0,0,1,0,0,0,2,0,2,0,-0.032929377378947126,0.12449264340928409,0.1524614139538633,0.3062689468642072,-0.06683655824797259,-0.032929377378947126,-0.18433790059976551,-0.31862697728285916,3.3849961067543193,-0.11777250553912152,-0.41832890662902533,-1.0748474656800877,1.5597644928398282,0.2563,6.166666666666667,25689.116976744186,3.282038399825841,5.062608023538855,0.03755163349605708,0.08260882031780016,0.37387817296845016
35.0,1377981.54,913927.74,678.6,0,14,43.78,1,0.21,2022,3,1,1,1624,1,1,1,0,0,0,1,0,0,0,1,3,0,0,1,0.9682333422646768,0.27343972600036326,0.2966502649379614,1.9428202872577809,-0.6973701266250734,0.9682333422646768,-0.22826606660855217,-0.08951051464832746,-0.7751793624234595,-1.4560964321200474,0.6036142366883908,-0.33636499000972286,0.6632365626610643,0.4378,2.3333333333333335,26112.221142857143,3.8017616111706087,6.616645675869307,0.022331397945511387,-0.15745052540543472,1.3469760391082144
48.0,198106.0,372603.71,604.5,0,25,19.59,0,0.15,2022,5,3,1,1561,0,0,0,1,0,0,0,0,0,0,0,0,0,0,1,-0.7954090411676957,0.011055417643639008,0.04264802951264484,-0.9401189692185059,0.3272469219877154,-0.7954090411676957,-0.35295844691308237,-1.0223418268032045,-0.7751793624234595,-0.8160284672335176,-0.7584135669947109,-0.42316423621724714,1.8808300101965616,0.1959,4.166666666666667,7762.577291666667,3.0248055210396982,4.426059195266146,0.04856726566294318,-1.4470840720030285,-1.9051153558012333
54.0,355433.96,1537220.82,743.9,0,42,16.35,0,0.21,2024,10,23,2,657,0,1,1,0,0,0,0,0,0,1,0,1,1,0,0,-0.560239950065974,0.04604248752541178,0.076517409951623,-0.5556996498508623,0.8001470982705409,-0.560239950065974,-0.08469235942887655,0.7325392111777644,-0.7751793624234595,0.17316747850021016,-0.9408430867935221,-1.668664531004579,4.324912622305421,0.1635,7.0,28467.052222222224,2.8535925063928684,4.043513323831146,0.05763688760806916,0.4770253824352131,-0.7849833066573144
22.0,488953.95,1765527.17,629.9,3,35,8.48,1,0.21,2022,4,25,0,1569,1,0,1,0,0,0,0,1,0,0,0,1,0,2,0,-0.36065829469962374,0.0757350686835454,0.1052614382700386,-0.22945335721619908,-1.721987175237862,-0.36065829469962374,-0.032102670735139546,-0.7025858844451229,1.30490837216543,-0.23414849915485422,-1.383966642601129,-0.41214210971470433,3.6108250480438904,0.0848,5.833333333333333,80251.235,2.2491843162669305,2.9120439557122073,0.10548523206751054,0.6336079385919786,-0.22837981858906103
52.0,594417.84,3111400.01,610.5,0,28,24.35,0,0.26,2022,10,28,4,1383,1,0,0,0,0,1,0,0,0,0,1,1,0,0,1,-0.20301405170968137,0.09918844905810562,0.12796558197713645,0.028239914924773322,0.6425137061762657,-0.20301405170968137,0.2779151350637607,-0.9468089270335789,-0.7751793624234595,-0.6414644768099186,-0.4903998280310248,-0.6684065508988235,5.23436512268878,0.24350000000000002,4.666666666666667,59834.615576923075,3.232778730037192,4.934571916590131,0.03944773175542406,1.2249298067752123,0.09486381569917482
43.0,622677.43,1341425.21,688.9,5,31,34.28,1,0.15,2023,6,15,3,1153,2,2,0,1,0,0,0,1,0,0,0,1,0,2,1,-0.16077246861658515,0.10547290256630754,0.13404927367923153,0.09729014829339197,-0.06683655824797259,-0.16077246861658515,-0.1297932958570589,0.04015429662286267,2.6916335285580226,-0.4669004863863196,0.06871286690792514,-0.9852926878469278,2.154285903698163,0.3428,5.166666666666667,31195.93511627907,3.5633162311385904,5.854912467321779,0.028344671201814057,0.31803080942581957,0.1698362389493035
42.0,496972.52,985617.16,680.2,0,65,5.0,0,0.15,2021,6,22,1,1876,2,1,0,1,0,0,0,1,0,0,0,1,0,0,2,-0.34867237802698947,0.07751826264946149,0.1069876667033481,-0.2098605701381628,-0.1456532542951102,-0.34867237802698947,-0.21175262193023042,-0.06936840804309367,-0.7751793624234595,1.511491405081136,-1.5799094601628154,0.010831994820374006,1.9832427756770132,0.05,10.833333333333334,23467.07523809524,1.791759469228055,2.23606797749979,0.16666666666666666,-0.0605410126103464,-0.20095968198739847
45.0,454168.11,484503.21,708.7,6,24,60.09,0,0.15,2023,9,12,1,1064,1,0,0,1,0,0,1,0,0,0,0,1,1,2,1,-0.4126551195234498,0.06799928786635202,0.0977727830503979,-0.31445000330778866,0.09079683384630259,-0.4126551195234498,-0.32718272989958347,0.28941286586262815,3.3849961067543193,-0.874216464041384,1.5219554304904326,-1.107913845187716,1.0667926684680702,0.6009,4.0,10766.738000000001,4.112348186661675,7.7517739905133975,0.01636929120969062,-1.0417699315162912,-0.353946049990116
42.0,991249.84,2797991.81,647.4,3,44,48.76,1,0.18,2020,11,12,3,2098,1,0,0,0,1,1,0,0,0,0,0,2,0,2,0,0.3901584572332833,0.18743715523419568,0.2133951138820857,0.9978697718383236,-0.1456532542951102,0.3901584572332833,0.20572248833245224,-0.4822815934503814,1.30490837216543,0.28954347211594283,0.8840151652680452,0.31669600526593555,2.822690806184645,0.4876,7.333333333333333,66618.85261904763,3.907211448430924,6.982836100038436,0.02009646302250804,1.1199043677374703,0.8820860190263631
42.0,777701.12,1171134.02,660.6,2,63,28.31,0,0.21,2018,2,18,6,3096,1,1,1,0,0,0,0,1,0,0,0,2,0,1,2,0.070952269163877,0.13994754188255032,0.16742259354980132,0.4760791530936866,-0.1456532542951102,0.070952269163877,-0.16901936499348907,-0.3161092139572044,0.6115457939691334,1.3951154114654034,-0.2674304149435887,1.6917062864581447,1.5058921607313618,0.28309999999999996,10.5,27884.143333333333,3.377928754722801,5.320714237769211,0.0341180484476288,0.15457780303486812,0.5189205964305948
62.0,726822.73,1127328.49,741.9,0,24,31.25,0,0.15,2019,4,7,6,2683,3,1,0,1,0,0,0,1,0,0,1,2,1,0,1,-0.005099214202581994,0.12863305088932772,0.15646955286311917,0.3517615425791822,1.4306806666476417,-0.005099214202581994,-0.17910983854257853,0.7073615779212226,-0.7751793624234595,-0.874216464041384,-0.10189251734837082,1.1226890057643748,1.551036371688596,0.3125,4.0,18182.71758064516,3.4735180432417816,5.5901699437494745,0.031007751937984496,0.10775650819185656,0.41436664020759484
26.0,574861.05,824193.54,737.3,0,51,27.54,0,0.26,2018,12,2,6,2809,1,0,0,0,0,0,0,0,1,0,0,1,1,0,0,-0.2322469517559746,0.09483935066267005,0.12375541894778554,-0.019545665596425257,-1.4067203910493116,-0.2322469517559746,-0.24893607269108792,0.649453021431176,-0.7751793624234595,0.6968594497710072,-0.31078557859947903,1.2962874981794232,1.4337265326986408,0.2754,8.5,31699.75153846154,3.3513066120486905,5.24785670536077,0.0350385423966363,-0.2928249132949256,0.04041654689526732
35.0,756681.47,788132.34,734.2,0,32,13.91,0,0.15,2021,10,13,2,1763,2,1,0,1,0,0,0,1,0,1,0,2,1,0,1,0.03953273009544753,0.1352731282345223,0.16289750771925876,0.42471918156449306,-0.6973701266250734,0.03953273009544753,-0.25724266285786423,0.6104276898835372,-0.7751793624234595,-0.40871248957845324,-1.078228280716084,-0.14485554202804246,1.0415642132745764,0.1391,5.333333333333333,22518.066857142858,2.702032128776647,3.7296112397943033,0.0670690811535882,-0.35243271386037106,0.47675527837496084
63.0,454508.6,1594047.14,692.5,0,20,12.41,0,0.18,2021,2,19,4,1999,2,0,0,0,1,1,0,0,0,1,0,1,0,0,1,-0.41214616533737114,0.06807500706733857,0.0978460833420032,-0.3136180409912908,1.5094973626947792,-0.41214616533737114,-0.07160258562972172,0.08547403648463835,-0.7751793624234595,-1.1069684512728493,-1.1626863917340522,0.18029718979696893,3.5071880708087813,0.1241,3.3333333333333335,25302.335555555554,2.596000697293587,3.5227829907617076,0.07457121551081282,0.5185551050553348,-0.3526613541423253
45.0,349415.89,481658.95,702.7,0,79,11.91,0,0.26,2018,12,25,1,2786,2,1,0,0,0,1,0,0,0,1,0,1,1,0,2,-0.5692355796545516,0.044704170829235196,0.07522184683405381,-0.5704043620540005,0.09079683384630259,-0.5692355796545516,-0.3278378967311852,0.21387996609300253,-0.7751793624234595,2.3261233603912648,-1.1908390954067083,1.2645988844846128,1.378468935685781,0.1191,13.166666666666666,10703.532222222222,2.558002204858551,3.4510867853474796,0.07745933384972889,-1.050592089660539,-0.8158299672717814
53.0,814521.04,3071886.12,678.2,1,40,36.45,0,0.26,2024,7,21,6,751,3,1,0,0,0,0,0,1,0,0,0,2,0,0,0,0.12598957544330824,0.14813566759193653,0.17534914314856778,0.5660459243247578,0.7213304022234033,0.12598957544330824,0.2688132280244753,-0.09454604129963555,-0.08181678422716306,0.056791484884477494,0.19089560084725266,-1.5391545445997015,3.7714018044272986,0.36450000000000005,6.666666666666667,57960.11547169812,3.6230067099632284,6.037383539249433,0.026702269692923896,1.2124217086172089,0.5895683921178821
28.0,221069.02,2637306.05,640.8,0,39,30.03,0,0.26,2018,7,12,3,2952,1,1,0,0,0,0,0,1,0,0,0,0,0,0,0,-0.7610846112167152,0.01616200381838217,0.04759148177890357,-0.8840105157749757,-1.2490869989550364,-0.7610846112167152,0.1687090014280514,-0.5653677831969699,-0.7751793624234595,-0.001396511923388845,-0.17058511430965162,1.493308009412375,11.92978577459655,0.3003,6.5,94189.50178571428,3.434954478460289,5.479963503528103,0.032226877215597804,1.0602791043414634,-1.6845447866850365
64.0,568467.11,768470.09,800.6,1,36,44.71,0,0.18,2021,12,10,4,1705,3,1,0,0,1,1,0,0,0,1,0,1,1,0,0,-0.24180442048790854,0.09341744685358319,0.1223789389733169,-0.03516878854849032,1.588314058741917,-0.24180442048790854,-0.2617718036658988,1.4463251140007274,-0.08181678422716306,-0.17596050234698787,0.6559782655195311,-0.22476595917147746,1.351828586881658,0.4471,6.0,12007.34515625,3.822317092343653,6.686553671361653,0.021877050973528767,-0.3863646783931397,0.022129031688866926
64.0,454018.36,537828.39,789.9,1,10,56.23,1,0.18,2021,11,1,0,1744,1,0,0,0,1,0,0,0,0,0,1,1,1,0,1,-0.41287896130842233,0.0679659860062453,0.09774054504438334,-0.31481590643826407,1.588314058741917,-0.41287896130842233,-0.3148994332863378,1.3116247760782278,-0.08181678422716306,-1.6888484193515128,1.304616558137527,-0.17103309247158152,1.1845961251434856,0.5623,1.6666666666666667,8403.56859375,4.047078236421011,7.498666548127074,0.01747335313646689,-0.8872790015994045,-0.3545114364788052
25.0,249405.38,240230.9,749.6,0,39,26.31,0,0.26,2020,1,26,6,2389,0,1,0,0,0,0,0,1,0,0,0,0,1,0,0,-0.718728274642268,0.022463529672496534,0.05369170043740422,-0.814772700547749,-1.4855370870964493,-0.718728274642268,-0.3834501299933611,0.8042954659589094,-0.7751793624234595,-0.001396511923388845,-0.38004122963421305,0.7176258567959284,0.9632145866300077,0.2631,6.5,9609.235999999999,3.3072529354856135,5.1293274412928636,0.03661662394727206,-2.1814943239669664,-1.4476734537107518
59.0,323774.59,410040.12,658.1,5,16,43.66,1,0.26,2022,8,12,4,1460,2,1,0,0,0,0,1,0,0,0,0,1,0,2,1,-0.6075634217982276,0.03900198060850457,0.06970181756112628,-0.6330569960403659,1.1942305785062288,-0.6075634217982276,-0.34433508121295575,-0.34758125552788177,2.6916335285580226,-1.3397204385043147,0.5968575878069531,-0.5623185833118495,1.266436998653909,0.4366,2.6666666666666665,6949.832542372881,3.799078246412012,6.607571414672716,0.02239140170174653,-1.2964814113642855,-0.9548339632093722
24.0,508928.67,1641199.68,730.4,0,35,7.74,0,0.21,2024,11,30,5,619,3,1,1,0,0,0,0,0,1,0,0,1,1,0,0,-0.33080068549010133,0.08017710762251622,0.109561572784222,-0.18064659542408504,-1.5643537831435868,-0.33080068549010133,-0.06074113828180964,0.5625901866961067,-0.7751793624234595,-0.23414849915485422,-1.42563264403666,-1.7210196318916569,3.224812781720472,0.0774,5.833333333333333,68383.31999999999,2.167910189667444,2.7820855486487113,0.11441647597254004,0.5516566679905598,-0.1610504844730164
26.0,954248.87,1227805.89,763.4,0,27,7.38,0,0.21,2020,4,7,1,2317,2,1,1,0,0,0,0,0,0,0,1,2,1,0,1,0.3348505228725882,0.17920876707557862,0.20542958804967032,0.9074606182247981,-1.4067203910493116,0.3348505228725882,-0.155965168292469,0.9780211354290479,-0.7751793624234595,-0.6996524736177849,-1.4459025906809726,0.6184267182730435,1.2866726161279078,0.0738,4.5,47223.30346153846,2.1258479144939915,2.716615541441225,0.11933174224343678,0.21205221517865294,0.8263369580503453
65.0,377329.13,1391033.42,598.3,1,86,33.49,0,0.15,2020,6,8,0,2255,0,0,0,1,0,1,0,0,0,0,0,1,0,0,2,-0.5275117100988527,0.050911601971841344,0.08123097671055193,-0.5022004094816435,1.6671307547890544,-0.5275117100988527,-0.11836619222830075,-1.100392489898485,-0.08181678422716306,2.7334393380463293,0.024231595105128564,0.5330052378783372,3.686525394951617,0.33490000000000003,14.333333333333334,21400.514153846154,3.5406694269487495,5.7870545184921145,0.028993911278631487,0.3608962613043941,-0.6778523271279416
52.0,518586.62,270518.09,817.1,2,59,48.95,0,0.21,2019,10,15,1,2492,1,1,1,0,0,1,0,0,0,0,0,1,1,1,2,-0.3163642730214856,0.08232487189508841,0.11164072503923522,-0.15704810367801053,0.6425137061762657,-0.3163642730214856,-0.3764735658570238,1.654040588367198,0.6115457939691334,1.162363424233938,0.8947131926636549,0.8595357355161665,0.5216449471835584,0.48950000000000005,9.833333333333334,5202.270961538462,3.9110225050945626,6.996427659884722,0.02002002002002002,-1.9754624493284154,-0.1296294038372197
50.0,559471.9,746334.42,559.5,0,17,8.42,0,0.15,2024,9,21,5,689,3,0,0,1,0,0,1,0,0,1,0,1,0,0,1,-0.25525018918642284,0.09141706471635075,0.12044246061550626,-0.05714792376240276,0.48488031408199056,-0.25525018918642284,-0.2668706894144875,-1.588838575075397,-0.7751793624234595,-1.2815324416964484,-1.3873449670418476,-1.624576024994408,1.3339980435121048,0.0842,2.8333333333333335,14926.688400000001,2.2428350885882717,2.9017236257093817,0.10615711252653928,-0.4258661266566236,-0.004022765006348555
55.0,1110933.92,2564030.43,742.8,0,35,25.16,0,0.21,2024,5,22,2,811,1,0,1,0,0,0,1,0,0,0,0,2,1,0,0,0.5690586114903252,0.21405286467767717,0.23916056357080662,1.290309034209377,0.8789637943176785,0.5690586114903252,0.1518301802974059,0.7186915128866661,-0.7751793624234595,-0.23414849915485422,-0.44479244808132196,-1.4564885958306306,2.3079954476500277,0.2516,5.833333333333333,46618.7350909091,3.264231526588998,5.015974481593781,0.0382262996941896,1.0315863821524385,1.0465404530121294
60.0,387522.66,920599.91,799.0,1,51,41.75,0,0.15,2023,4,6,3,1223,2,0,0,1,0,1,0,0,0,0,0,1,1,0,0,-0.5122747287942065,0.05317847015250006,0.0834254280057072,-0.4772932673274221,1.2730472745533665,-0.5122747287942065,-0.22672915209342068,1.4261830073954938,-0.08181678422716306,0.6968594497710072,0.48931425977740706,-0.8888490809496786,2.3756027841055802,0.4175,8.5,15343.331833333334,3.755369195382769,6.461423991660043,0.023391812865497075,-0.14804258470877596,-0.630503981444875
36.0,526051.67,404090.32,647.3,0,42,58.83,0,0.26,2020,4,30,3,2294,2,0,0,0,0,0,1,0,0,1,0,1,0,0,0,-0.30520574135598305,0.08398497240119634,0.11324779233004606,-0.1388078020809807,-0.6185534305779358,-0.30520574135598305,-0.34570559994706007,-0.4835404751132088,-0.7751793624234595,0.17316747850021016,1.451010617235339,0.5867381045782332,0.7681570899679874,0.5882999999999999,7.0,11224.731111111112,4.09150720740194,7.670071707617863,0.01671402306535183,-1.3192604908548728,-0.10582237405123292
33.0,661765.13,910617.64,678.7,1,61,56.08,1,0.18,2018,4,21,5,3034,2,0,0,0,1,0,0,1,0,0,1,1,0,0,2,-0.10234535316770528,0.11416534408412654,0.1424640283216018,0.19279807345587818,-0.8550035187193485,-0.10234535316770528,-0.22902853829865252,-0.08825163298550008,-0.08181678422716306,1.2787394178496707,1.2961707470357304,1.6062848060634383,1.3760435518867549,0.5608,10.166666666666666,27594.473939393938,4.0444537926086355,7.488658090739622,0.01751927119831815,-0.16214924989781904,0.26703060384951816
62.0,489563.4,573944.4,740.1,4,42,23.38,0,0.21,2019,9,12,3,2525,1,0,1,0,0,1,0,0,0,0,0,1,1,2,0,-0.35974730721480574,0.07587060002673097,0.10539263995795559,-0.22796421088652816,1.4306806666476417,-0.35974730721480574,-0.3065802177990773,0.6847017079903355,1.9982709503617262,0.17316747850021016,-0.5450160731559777,0.9050020073391553,1.1723596984578504,0.23379999999999998,7.0,9257.167741935484,3.1937631240531252,4.835286961494633,0.04101722723543889,-0.7929692797263556,-0.22627677114353678
50.0,912700.7,1243667.63,828.9,6,50,36.13,0,0.15,2020,3,3,1,2352,2,1,0,1,0,0,0,1,0,0,0,2,1,2,0,0.27274557105194663,0.1699691587615207,0.196485146284371,0.8059407152630412,0.48488031408199056,0.27274557105194663,-0.1523114636594573,1.8025886245807945,3.3849961067543193,0.6386714529631409,0.17287787049675274,0.6666485217216681,1.3626237275812323,0.3613,8.333333333333334,24873.3526,3.6144252681889886,6.010823570859488,0.026932399676811204,0.22755643563845368,0.7605426785499177
39.0,160466.42,998871.84,668.9,0,16,37.97,1,0.18,2023,9,29,4,1047,1,1,0,0,1,0,0,1,0,0,0,0,0,0,1,-0.8516715505020221,0.002685013452415931,0.03454502446139169,-1.0320885194807985,-0.38210334243652294,-0.8516715505020221,-0.20869944581430067,-0.21162203594255619,-0.7751793624234595,-1.3397204385043147,0.27647982001212695,-1.1313358640056193,6.224802921383801,0.3797,2.6666666666666665,25612.098461538462,3.662792119350618,6.161980201201558,0.025660764690787787,-0.043572351569061835,-2.3431499751879707
37.0,2047895.11,1440221.77,631.4,0,43,9.83,0,0.21,2021,3,3,2,1987,3,1,1,0,0,0,0,1,0,0,0,3,0,0,0,1.9695999485157818,0.422417141637977,0.44086847995558465,3.5797049110369765,-0.5397367345307982,1.9695999485157818,-0.10703580210179492,-0.6837026595027165,-0.7751793624234595,0.2313554753080765,-1.3079543426849578,0.16376400004315478,0.7032693046471505,0.0983,7.166666666666667,38924.912702702706,2.382320061012899,3.1352830813181765,0.09233610341643582,0.40158229172931875,1.8658904150792808
39.0,866117.65,419766.32,658.2,0,23,10.6,0,0.18,2019,8,11,6,2557,2,1,0,0,1,0,1,0,0,1,0,2,0,0,1,0.20311463241112246,0.1596098785315087,0.18645680140239362,0.692118452678127,-0.38210334243652294,0.20311463241112246,-0.34209467997062043,-0.3463223738650544,-0.7751793624234595,-0.9324044608492503,-1.2645991790290672,0.9490905133493264,0.48465277205700635,0.106,3.8333333333333335,10763.238974358974,2.451005098112319,3.255764119219941,0.08620689655172414,-1.2601058168370323,0.6823387083697031
48.0,491175.85,719202.62,573.6,0,18,78.43,1,0.15,2021,8,2,0,1835,3,0,0,1,0,0,0,1,0,0,0,1,0,0,1,-0.35733706557087314,0.07622918155814384,0.10573976632054764,-0.22402430769631113,0.3272469219877154,-0.35733706557087314,-0.273120418849086,-1.4113362606167763,-0.7751793624234595,-1.223344444888582,2.554596601203458,-0.04565640350515763,1.4642467051260766,0.7843000000000001,3.0,14983.387916666667,4.374876130645041,8.85607136375944,0.012589701624071508,-0.4762950498447177,-0.22072783513425756
46.0,398803.1,2112333.97,757.3,0,50,8.97,0,0.15,2023,5,12,4,1187,0,0,0,1,0,0,0,1,0,0,0,1,1,0,0,-0.4954130671923685,0.0556870486821978,0.08585386802284761,-0.4497303403882592,0.16961352989344017,-0.4954130671923685,0.047783244172050446,0.9012293539965949,-0.7751793624234595,0.6386714529631409,-1.3563769930019263,-0.9384486502111211,5.296683927482009,0.0897,8.333333333333334,45920.303695652176,2.299580583973747,2.9949958263743874,0.10030090270812436,0.8291499131288165,-0.5798272196706102
57.0,335530.68,381552.59,651.4,0,40,46.08,1,0.18,2024,6,19,2,783,3,1,0,0,1,1,0,0,0,0,0,1,0,0,0,-0.5899907729174436,0.041616335630754966,0.07223265495763778,-0.6043318532480438,1.0365971864119536,-0.5899907729174436,-0.3508970990208419,-0.43192632693729766,-0.7751793624234595,0.056791484884477494,0.7331166735826087,-1.4950660385895305,1.137161555539422,0.4608,6.666666666666667,6693.9050877192985,3.851848282392076,6.788225099390856,0.021240441801189464,-1.4094415477378532,-0.8895136701163889
46.0,770726.23,487878.46,674.4,5,58,18.39,1,0.21,2018,10,24,2,2848,2,1,1,0,0,1,0,0,0,0,0,2,0,2,2,0.06052641388783775,0.13839644464689255,0.16592104733430332,0.45903652146950363,0.16961352989344017,0.06052641388783775,-0.32640525110075225,-0.142383544487066,2.6916335285580226,1.1041754274260716,-0.8259800558090854,1.3500203648793192,0.6330113612456139,0.1839,9.666666666666666,10606.05347826087,2.9647574692545606,4.288356328478313,0.05157297576070139,-1.0313830323187039,0.5050829401432823
43.0,934007.66,1132013.11,758.2,4,36,54.37,0,0.26,2022,6,18,5,1515,0,1,0,0,0,0,0,1,0,0,0,2,1,2,0,0.30459457244585497,0.1747074652805154,0.20107208387790548,0.8580027076831657,-0.06683655824797259,0.30459457244585497,-0.17803075025857565,0.9125592889620399,1.9982709503617262,-0.17596050234698787,1.1998885004752466,-0.48654146360686795,1.2119955311715538,0.5437,6.0,26325.88627906977,4.014037930834876,7.37360156233031,0.018060321473722232,0.11286960545906544,0.7947246939225012
29.0,494158.02,1203459.5,661.7,0,33,20.84,0,0.18,2019,7,23,1,2576,0,0,0,0,1,0,1,0,0,1,0,1,0,0,0,-0.35287940776859295,0.07689236558588645,0.10638176441334507,-0.2167375942498352,-1.170270302907899,-0.35287940776859295,-0.16157328681793406,-0.3022615156661061,-0.7751793624234595,-0.3505244927705869,-0.6880318078130706,0.9752680637928653,2.4353738101832283,0.2084,5.5,41498.60344827586,3.083743150876704,4.565084884205331,0.045787545787545784,0.18776913713606813,-0.2105229287419767
32.0,993356.34,699279.02,746.9,0,31,36.46,0,0.21,2021,4,2,4,1957,2,0,1,0,0,0,0,0,0,0,0,2,1,0,1,0.393307189921394,0.18790560510608084,0.21384859875467102,1.0030168499307868,-0.9338202147664861,0.393307189921394,-0.27770976085231336,0.7703056610625773,-0.7751793624234595,-0.4669004863863196,0.19145865492070566,0.12243102565861944,0.7039558634115126,0.36460000000000004,5.166666666666667,21852.469375,3.6232736970159425,6.038211655780211,0.026695141484249865,-0.5148398304366489,0.8851840961118687
21.0,474278.76,810249.08,612.1,0,28,39.54,0,0.26,2020,4,11,5,2313,2,1,0,0,0,0,0,0,0,1,0,1,0,0,1,-0.38259432624827583,0.07247155533182907,0.10210218041705248,-0.26531110654054585,-1.8008038712849996,-0.38259432624827583,-0.25214813757847404,-0.9266668204283451,-0.7751793624234595,-0.6414644768099186,0.36487930954426706,0.6129156550217721,1.7083815433775695,0.3954,4.666666666666667,38583.28952380952,3.702289141023854,6.288083968904996,0.0246669955599408,-0.3154872730532411,-0.2799959416268336
21.0,297718.6,1430104.24,761.9,0,38,14.82,0,0.18,2019,9,2,0,2535,2,0,0,0,1,0,1,0,0,1,0,0,1,0,0,-0.6465111300508202,0.03320757036528542,0.06409251430680192,-0.6967228945955252,-1.8008038712849996,-0.6465111300508202,-0.10936634504573645,0.9591379104866414,-0.7751793624234595,-0.05958450873125519,-1.02699036003185,0.9187796654673337,4.803543480320007,0.1482,6.333333333333333,68100.20190476191,2.761274962339508,3.8496753109840314,0.0632111251580278,0.39335452439593904,-1.1103965943798766
54.0,1464958.78,1784670.75,715.6,1,40,5.0,0,0.21,2018,1,16,1,3129,0,0,1,0,0,1,0,0,0,0,0,3,1,0,0,1.0982442982151404,0.29278198896496105,0.3153746241115775,2.155342787398736,0.8001470982705409,1.0982442982151404,-0.027693004018976574,0.3762757005976974,-0.08181678422716306,0.056791484884477494,-1.5799094601628154,1.7371725582811335,1.2182395671228374,0.05,6.666666666666667,33049.458333333336,1.791759469228055,2.23606797749979,0.16666666666666666,0.6455953818713877,1.429934799745314
52.0,747963.71,465815.46,683.4,1,50,33.62,0,0.18,2021,10,1,4,1775,0,1,0,0,1,0,0,1,0,0,0,2,0,0,0,0.026501685291695245,0.13333444627149094,0.16102075847509578,0.40341797505542454,0.6425137061762657,0.026501685291695245,-0.33148739753097606,-0.029084194832627516,-0.08181678422716306,0.6386714529631409,0.03155129806001889,-0.1283223522742283,0.6227781559081256,0.3362,8.333333333333334,8957.989615384617,3.544431549748063,5.79827560572969,0.028885037550548817,-1.1009351122495212,0.45885103781908804
45.0,1165040.62,1270630.34,699.8,3,58,47.83,0,0.15,2018,3,13,1,3073,2,0,0,1,0,0,0,1,0,0,0,2,0,2,2,0.6499356753098368,0.22608527705988896,0.25080859108351106,1.4225147831889566,0.09079683384630259,0.6499356753098368,-0.14610068360345133,0.17737239787101564,1.30490837216543,1.1041754274260716,0.8316511364369049,1.6600176727633342,1.090631792735261,0.4783,9.666666666666666,28236.22977777778,3.888344878073569,6.915923654870692,0.02047921359819783,0.25336146740367393,1.1140149561865254
60.0,337841.85,2837435.47,593.5,2,38,63.38,1,0.15,2018,9,27,3,2875,1,0,0,1,0,0,0,1,0,0,0,1,0,1,0,-0.5865361056842222,0.04213030063925477,0.07273020095002942,-0.5986846790372874,1.2730472745533665,-0.5865361056842222,0.2148082181001158,-1.160818809714185,0.6115457939691334,-0.05958450873125519,1.7072002206565096,1.387220041825401,8.39870924812897,0.6338,6.333333333333333,47290.59116666667,4.164803025870662,7.961155694998057,0.01553277415346381,1.133898926254929,-0.8769966713524509
65.0,325156.22,907887.32,336.81,1,44,5.0,0,0.15,2018,10,14,6,2858,2,1,0,1,0,0,0,0,1,0,0,1,0,0,0,-0.6054982029309719,0.03930923168683008,0.0699992532622941,-0.6296810845735301,1.6671307547890544,-0.6054982029309719,-0.22965745939013457,-4.392242150025053,-0.08181678422716306,0.28954347211594283,-1.5799094601628154,1.3637980230074975,2.7921573205642507,0.05,7.333333333333333,13967.49723076923,1.791759469228055,2.23606797749979,0.16666666666666666,-0.16604080232792479,-0.9470100512746171
21.0,4404520.0,462366.24,679.4,1,69,25.32,0,0.21,2018,3,7,2,3079,3,1,1,0,0,0,0,1,0,0,0,3,0,0,2,5.492211780824512,0.9464905467183903,0.9481999482551484,9.337944808246906,-1.8008038712849996,5.492211780824512,-0.33228191509930566,-0.07943946134571128,-0.08181678422716306,1.7442433923126013,-0.435783582906072,1.6682842676402414,0.10497539800023611,0.2532,11.5,22017.44,3.2703291064571163,5.03189825016365,0.037993920972644375,-1.112174466807136,2.7564366027712173
36.0,343439.98,447635.99,595.5,0,44,15.21,1,0.18,2020,5,29,4,2265,3,1,0,0,1,0,0,1,0,0,0,1,0,0,0,-0.5781681897462715,0.04337522980198749,0.07393535987230146,-0.5850060593924921,-0.6185534305779358,-0.5781681897462715,-0.33567498437609505,-1.135641176457643,-0.7751793624234595,0.28954347211594283,-1.0050312511671782,0.5467828960065156,1.3033892850797395,0.1521,7.333333333333333,12434.333055555555,2.785628335747585,3.9,0.061690314620604564,-1.1613604962040653,-0.8471011768396706
59.0,796474.88,879829.83,639.7,1,24,38.89,0,0.18,2018,3,9,4,3077,3,1,0,0,1,0,0,0,1,1,0,2,0,0,1,0.0990147195748647,0.14412250768687163,0.17146418679050737,0.5219514572993186,1.1942305785062288,0.0990147195748647,-0.23612041876304576,-0.5792154814880668,-0.08181678422716306,-0.874216464041384,0.32828079476981425,1.6655287360146056,1.104654838580722,0.3889,4.0,14912.369999999999,3.686125665917315,6.236184731067546,0.0250689395838556,-0.20688440377879652,0.5554347931836365
45.0,357496.43,2033142.36,680.3,1,37,61.15,0,0.15,2021,5,1,5,1928,2,0,0,1,0,0,0,0,1,0,0,1,0,0,0,-0.5571570320943398,0.046501145872084926,0.0769614160969641,-0.5506601558307518,0.09079683384630259,-0.5571570320943398,0.02954169234024271,-0.06810952638026772,-0.08181678422716306,-0.11777250553912152,1.5816391622764632,0.08247581708690194,5.687168288645569,0.6114999999999999,6.166666666666667,45180.941333333336,4.12955081795672,7.8198465458089395,0.016090104585679808,0.7881598851567921,-0.7745563961728338
42.0,283674.17,956916.01,644.5,0,22,21.02,0,0.26,2021,11,3,2,1742,1,0,0,0,0,0,0,0,0,1,0,0,0,0,1,-0.6675043205691601,0.030084327339318095,0.06106904573377398,-0.7310394281697641,-0.1456532542951102,-0.6675043205691601,-0.21836384646976797,-0.5187891616723669,-0.7751793624234595,-0.9905924576571167,-0.6778968344909144,-0.1737886240972172,3.3732927111410955,0.2102,3.6666666666666665,22783.714523809525,3.091951131294534,4.58475735453906,0.045413260672116255,-0.09826538233893627,-1.2012226205038286
49.0,584264.15,1124065.28,509.1,0,21,7.58,0,0.15,2020,8,31,0,2171,1,1,0,1,0,0,0,1,0,0,0,1,0,0,1,-0.21819148138352082,0.09693044061772504,0.1257797073908935,0.0034301188855312935,0.40606361803485297,-0.21819148138352082,-0.1798615092606391,-2.223314933140252,-0.7751793624234595,-1.048780454464983,-1.4346415092119102,0.4172729096016382,1.9238991130980738,0.0758,3.5,22940.107755102043,2.149433913499871,2.753179979587241,0.11655011655011654,0.10417936833862664,0.06686964535436708
23.0,265802.17,490196.11,770.7,0,31,43.06,0,0.15,2019,5,23,3,2637,2,1,0,1,0,0,0,1,0,1,0,0,1,0,1,-0.6942188473206031,0.0261098976643446,0.05722158233816765,-0.7747083480218904,-1.6431704791907245,-0.6942188473206031,-0.325871387316407,1.0699194968154266,-0.7751793624234595,-0.4669004863863196,0.5630743433997661,1.0593117783747539,1.8442141010361204,0.43060000000000004,5.166666666666667,21312.874347826088,3.785552341374197,6.5620118866091675,0.022696323195642305,-1.024301788317281,-1.3249721196570947
32.0,200846.22,1959465.6,679.3,4,20,53.81,1,0.26,2021,1,30,5,2019,2,1,0,0,0,1,0,0,0,0,0,0,0,2,1,-0.7913130429305181,0.011664796095068944,0.04323794089054929,-0.9334234428332557,-0.9338202147664861,-0.7913130429305181,0.01257046980366772,-0.08069834300853866,1.9982709503617262,-1.1069684512728493,1.168357472361872,0.2078525060533258,9.756049180313177,0.5381,3.3333333333333335,61233.3,4.003872659058025,7.335529974037323,0.018244845831052726,0.7482218110004211,-1.877213487226443
46.0,581456.52,441546.67,519.5,0,51,71.75,1,0.15,2020,6,4,3,2259,0,1,0,1,0,0,0,1,0,0,0,1,0,0,0,-0.22238824205625773,0.09630607132562871,0.12517528406650866,-0.003430118885531009,0.16961352989344017,-0.22238824205625773,-0.33707764112723904,-2.0923912402062346,-0.7751793624234595,0.6968594497710072,2.1784764801367724,0.5385163011296086,0.7593803746495095,0.7175,8.5,9598.840652173913,4.287028906051602,8.470537173048708,0.013745704467353952,-1.1822782890225474,0.059025205066985255
36.0,206473.84,691661.85,845.8419999999999,0,45,8.6,0,0.15,2024,10,5,5,675,2,0,0,1,0,0,0,1,0,1,0,0,1,0,0,-0.7829010462297036,0.012916283333625031,0.04444944838575868,-0.9196727665385924,-0.6185534305779358,-0.7829010462297036,-0.27946435330682584,2.0158683558969597,-0.7751793624234595,0.3477314689238092,-1.3772099937196915,-1.6438647463738576,3.3498764298663692,0.086,7.5,19212.829166666666,2.2617630984737906,2.932575659723036,0.10416666666666667,-0.5299346287870651,-1.8213242687909137
57.0,827698.03,1530248.05,783.1,0,45,17.48,0,0.26,2023,6,11,6,1157,0,1,0,0,0,1,0,0,0,0,0,2,1,0,0,0.14568614280334058,0.1510660066744583,0.17818587024622168,0.5982429319457441,1.0365971864119536,0.14568614280334058,-0.0862985162599635,1.226020823005986,-0.7751793624234595,0.3477314689238092,-0.8772179764933195,-0.9797816245956564,1.8487999180087453,0.1748,7.5,26846.45701754386,2.916689066213538,4.180908992073374,0.05411255411255411,0.47179971027371764,0.6139211096601728
42.0,250838.97,236191.44,663.8,1,39,5.4,0,0.15,2020,2,14,4,2370,2,1,0,1,0,0,0,0,1,0,0,0,0,0,0,-0.7165853875336288,0.02278233577353421,0.05400032202700288,-0.8112698286357745,-0.1456532542951102,-0.7165853875336288,-0.3843806075901989,-0.27582500074673827,-0.08181678422716306,-0.001396511923388845,-1.5573872972246907,0.6914483063523893,0.9416058437809723,0.054000000000000006,6.5,5623.605714285714,1.8562979903656263,2.32379000772445,0.15625,-2.211380027304168,-1.4365623016012312
49.0,157570.68,1112113.49,626.8,0,94,88.8,1,0.21,2024,11,30,5,619,3,1,1,0,0,1,0,0,0,0,1,0,0,0,2,-0.8560000153462043,0.0020410499907436083,0.03392163291857649,-1.0391640475678956,0.40606361803485297,-0.8560000153462043,-0.18261456854012442,-0.7416112159927631,-0.7751793624234595,3.19894331250926,3.138483675374345,-1.7210196318916569,7.057870728234466,0.888,15.666666666666666,22696.193673469388,4.497584975308154,9.423375191511797,0.011135857461024499,0.09096793763336943,-2.3819060370800003
34.0,459737.91,475750.34,688.4,5,17,68.65,0,0.21,2020,7,14,1,2219,2,0,1,0,0,0,1,0,0,0,0,1,0,2,1,-0.4043295504153373,0.06923791691758677,0.09897184312318484,-0.30084060593802747,-0.776186822672211,-0.4043295504153373,-0.32919892747129686,0.033859888308727194,2.6916335285580226,-1.2815324416964484,2.003929717366305,0.48340566861689477,1.034829474906692,0.6865000000000001,2.8333333333333335,13992.65705882353,4.243482700225814,8.285529554590944,0.014357501794687724,-1.0691255321597453,-0.33307534696776714
48.0,585093.52,996081.72,705.2,3,29,27.84,1,0.15,2018,4,30,0,3025,1,1,0,1,0,0,1,0,0,0,0,1,1,2,1,-0.2169517641133863,0.0971148784388717,0.1259582532008988,0.005456623588852565,0.3272469219877154,-0.2169517641133863,-0.20934214165792556,0.24535200766367987,1.30490837216543,-0.5832764800020522,-0.29389395639588534,1.5938849137480777,1.7024316386207796,0.2784,4.833333333333333,20751.7025,3.3617633124167483,5.276362383309167,0.03467406380027739,-0.0471211758338071,0.06917818734816868
25.0,708079.24,769549.9,730.7,1,13,35.18,0,0.26,2023,4,23,6,1206,3,0,0,0,0,0,0,1,0,1,0,2,1,0,1,-0.03311641793022332,0.12446481661960027,0.15243447611284427,0.3059632008961512,-1.4855370870964493,-0.03311641793022332,-0.2615230726439698,0.5663668316845889,-0.08181678422716306,-1.5142844289279138,0.11938773351870602,-0.912271099767582,1.0868132498842926,0.3518,2.1666666666666665,30781.996,3.588506479967149,5.931273050534767,0.027639579878385848,-0.3844736231698789,0.3736017301910901
50.0,593984.58,4299822.83,627.0,1,36,42.35,0,0.15,2019,5,3,4,2657,2,1,0,1,0,0,1,0,0,1,0,1,0,0,0,-0.20366167569470434,0.09909209938258082,0.127872310267715,0.027181275924374224,0.48488031408199056,-0.20366167569470434,0.5516647970435221,-0.7390934526671084,-0.08181678422716306,-0.17596050234698787,0.5230975041845944,1.0868670946311108,7.238946893200494,0.4235,6.0,85996.4566,3.769306703226551,6.507687761409578,0.02306805074971165,1.5296089936011845,0.09368111119867488
25.0,301757.22,747743.41,772.3,0,34,31.62,0,0.26,2023,10,27,4,1019,0,0,0,0,0,0,0,1,0,1,0,1,1,0,0,-0.640474322640966,0.03410569095469575,0.06496194372817411,-0.6868548231377591,-1.4855370870964493,-0.640474322640966,-0.26654613275860567,1.090061603420659,-0.7751793624234595,-0.29233649596272054,-0.08105951663060526,-1.169913306764519,2.4779636092882886,0.31620000000000004,5.666666666666667,29909.7364,3.4849255971928677,5.62316636780382,0.03065603923973022,-0.4233090573202967,-1.085231832708852
45.0,779803.11,3576359.57,654.5,0,54,12.6,0,0.15,2019,3,17,6,2704,1,0,0,1,0,0,0,1,0,0,0,2,0,0,0,0.07409426043996616,0.1404149888069291,0.16787510751482654,0.48121521133227046,0.09079683384630259,0.07409426043996616,0.38501718682700314,-0.39290099538965745,-0.7751793624234595,0.8714234401946063,-1.1519883643384428,1.1516220878335495,4.586234043103521,0.126,9.0,79474.65711111111,2.6100697927420065,3.5496478698597698,0.07352941176470588,1.3588764862572777,0.523061459445053
36.0,916279.0,1484912.79,741.1,2,37,23.71,0,0.15,2019,4,7,6,2683,1,1,0,1,0,0,1,0,0,1,0,2,1,1,0,0.27809430600464863,0.17076491199036792,0.1972554785509611,0.8146840285971317,-0.6185534305779358,0.27809430600464863,-0.09674135856482988,0.6972905246186064,0.6115457939691334,-0.11777250553912152,-0.5264352887320246,1.1226890057643748,1.6205902241566161,0.2371,6.166666666666667,41247.5775,3.2072080200005186,4.86929152957594,0.04046944556859571,0.43709402689849447,0.7663500636224763
46.0,278404.63,561843.56,630.2,0,74,7.15,0,0.15,2019,9,4,2,2533,0,1,0,1,0,0,0,1,0,0,0,0,0,0,2,-0.6753810700822419,0.028912471019406513,0.05993462528493315,-0.7439151622743732,0.16961352989344017,-0.6753810700822419,-0.3093676103027581,-0.6988092394566408,-0.7751793624234595,2.035183376351933,-1.4588528343703944,0.916024133841698,2.0180826734095625,0.07150000000000001,12.333333333333334,12213.99043478261,2.0980179272527715,2.6739483914241875,0.12269938650306748,-0.8237355020697557,-1.2367104012184134
46.0,489160.84,1241173.24,845.8419999999999,0,34,36.49,0,0.15,2021,8,10,1,1827,3,0,0,1,0,0,0,0,1,1,0,1,1,0,0,-0.360349041765447,0.07578107751050686,0.10530597730886566,-0.22894783669089655,0.16961352989344017,-0.360349041765447,-0.15288603897714234,2.0158683558969597,-0.7751793624234595,-0.29233649596272054,0.1931478171410651,-0.05667853000770039,2.537352008799396,0.3649,5.666666666666667,26982.02695652174,3.6240742307478206,6.040695324215583,0.026673779674579887,0.22513442925105484,-0.22766554277196127
41.0,464658.49,795648.81,742.2,1,61,35.82,0,0.26,2022,7,18,0,1485,2,0,0,0,0,0,0,1,0,0,1,1,1,0,2,-0.3969744157889599,0.07033217045217054,0.10003113986866115,-0.28881752997305565,-0.2244699503422478,-0.3969744157889599,-0.25551126634884985,0.7111382229097047,-0.08181678422716306,1.2787394178496707,0.15542319421970585,-0.5278744379914033,1.712330296601274,0.3582,10.166666666666666,19406.068536585368,3.6060411758049318,5.984981202978001,0.027159152634437807,-0.3397351635535826,-0.31488947540550816
59.0,609997.34,1166490.52,845.8419999999999,0,63,34.38,0,0.18,2020,7,5,6,2228,3,1,0,0,1,0,1,0,0,1,0,1,1,0,2,-0.17972628483836828,0.1026530656159195,0.1313195186362596,0.06630727934040678,1.1942305785062288,-0.17972628483836828,-0.17008898140779102,2.0158683558969597,-0.7751793624234595,1.3951154114654034,0.07434340764245644,0.49580556093225536,1.9122878798127219,0.34380000000000005,10.5,19771.025762711866,3.566146688731639,5.863446085707619,0.02826455624646693,0.14971745334793246,0.13671454771935884
56.0,482768.21,597360.65,752.1,4,35,60.74,0,0.15,2018,1,6,5,3139,1,1,0,1,0,1,0,0,0,1,0,1,1,2,0,-0.369904552348878,0.07435946502320126,0.10392977934967502,-0.2445677587541406,0.957780490364816,-0.369904552348878,-0.3011863542561898,0.8357675075295867,1.9982709503617262,-0.23414849915485422,1.5585539452648853,1.750950216409312,1.2373653393623412,0.6074,5.833333333333333,10667.154464285715,4.122932019074013,7.793587107359486,0.016196954972465177,-0.7356380533045306,-0.24990567064245794
53.0,520563.54,3214313.44,647.9,0,43,21.31,0,0.21,2019,11,12,1,2464,1,0,1,0,0,0,0,1,0,0,0,1,0,0,0,-0.31340923261048165,0.08276450537276571,0.11206631407997168,-0.15221764480188785,0.7213304022234033,-0.31340923261048165,0.30162093757912967,-0.47598718513624594,-0.7751793624234595,0.2313554753080765,-0.6615682663607739,0.8209582927572667,6.174680308959018,0.21309999999999998,7.166666666666667,60647.42339622641,3.105035008444441,4.616275555033516,0.04482294935006724,1.2566107557239794,-0.12328469912245786
50.0,769117.12,1881874.03,752.2,2,21,25.88,0,0.21,2024,5,7,1,826,2,0,1,0,0,0,0,1,0,1,0,2,1,1,1,0.05812116477520267,0.1380386058748303,0.1655746400030307,0.4551047793240664,0.48488031408199056,0.05812116477520267,-0.0053025175729790935,0.8370263891924141,0.6115457939691334,-1.048780454464983,-0.4042525547926973,-1.4358221086383631,2.4467977386851043,0.2588,3.5,37637.4806,3.2913825156549485,5.087238936790762,0.03720238095238095,0.704114781377295,0.5018691394956449
57.0,292839.75,1006759.28,757.5,1,48,21.85,0,0.21,2022,7,2,5,1501,0,1,1,0,0,0,1,0,0,1,0,0,1,0,0,-0.6538038879313751,0.032122596874923706,0.06304220114724206,-0.7086440063692799,1.0365971864119536,-0.6538038879313751,-0.20688259746912527,0.9037471173222495,-0.08181678422716306,0.5222954593474082,-0.6311633463943052,-0.5058301849863178,3.4379187934698074,0.21850000000000003,8.0,17662.443508771932,3.128951117340214,4.674398357008098,0.0437636761487965,-0.033605681290562524,-1.1413516503155414
45.0,810620.45,3303127.61,718.0,2,25,62.51,0,0.26,2018,4,9,0,3046,2,1,0,0,0,0,0,0,0,0,0,2,1,1,1,0.12015909111578958,0.14726824253341453,0.17450942866522687,0.5565151190379398,0.09079683384630259,0.12015909111578958,0.32207901748751866,0.4064888605055474,0.6115457939691334,-0.8160284672335176,1.6582145162660877,1.6228179958172524,4.07481406372119,0.6251,4.166666666666667,73402.83577777777,4.151197373814884,7.906326580656784,0.01574555188159345,1.2829649226793358,0.5822683473381365
30.0,1012186.1,1037158.66,737.3,0,54,47.4,0,0.15,2019,6,10,0,2619,3,1,0,1,0,0,0,0,0,1,0,2,1,0,0,0.4214533474439574,0.1920930243605923,0.21790224761031407,1.0490259860249438,-1.0914536068607612,0.4214533474439574,-0.1998801906999635,0.649453021431176,-0.7751793624234595,0.8714234401946063,0.8074398112784208,1.0345119937440328,1.0246719056900704,0.474,9.0,34571.95533333333,3.879499813722586,6.884765791223402,0.02066115702479339,0.0039281228542974505,0.9125302196910154
25.0,1327455.15,2122993.07,747.1,1,31,6.6,0,0.15,2024,2,20,1,903,2,0,0,1,0,1,0,0,0,0,0,3,1,0,1,0.8927080178852649,0.2622035138369073,0.2857730024023118,1.819362762899719,-1.4855370870964493,0.8927080178852649,0.050238536154754355,0.772823424388232,-0.08181678422716306,-0.4669004863863196,-1.489820808410316,-1.329734141051389,1.5992955166884546,0.066,5.166666666666667,84919.72279999999,2.028148247292285,2.569046515733026,0.13157894736842105,0.8345226906361342,1.2958280986593234
56.0,166233.38,1011363.94,615.5,3,57,20.02,0,0.15,2021,3,26,4,1964,2,1,0,1,0,0,0,0,0,1,0,0,0,2,2,-0.8430512725703692,0.003967487543641596,0.035786528909910374,-1.017997376126366,0.957780490364816,-0.8430512725703692,-0.2058219277333054,-0.8838648438922242,1.30490837216543,1.0459874306182053,-0.7342022418362266,0.13207538634834434,6.0840003373570335,0.2002,9.5,18060.070357142857,3.045474365448805,4.474371464239419,0.04757373929590866,-0.027831450869986653,-2.2684199042879016
54.0,488651.14,1297203.45,610.1,0,17,24.67,1,0.21,2022,8,17,2,1455,1,1,1,0,0,0,1,0,0,0,0,1,0,0,1,-0.36111092595777083,0.0756677288754725,0.1051962496850552,-0.23019325121913228,0.8001470982705409,-0.36111092595777083,-0.13997964674869706,-0.951844453684887,-0.7751793624234595,-1.2815324416964484,-0.47238209768052486,-0.5692074123759386,2.65466166721723,0.24670000000000003,2.8333333333333335,24022.28611111111,3.245322994883049,4.9668903752750575,0.03895597974289053,0.27814320267191833,-0.22942591011081848
51.0,183357.79,930049.28,630.4,0,10,27.22,0,0.15,2021,2,12,4,2006,0,1,0,1,0,0,1,0,0,1,0,0,0,0,1,-0.817454220810763,0.007775665882406864,0.03947305199889622,-0.9761551375517828,0.5636970101291281,-0.817454220810763,-0.22455251781823762,-0.6962914761309874,-0.7751793624234595,-1.6888484193515128,-0.32880330894997895,0.18994155048669384,5.072319425315936,0.2722,1.6666666666666667,18236.260392156863,3.340030946424668,5.217278984298233,0.03543586109142452,-0.13486119993774084,-2.0637304876899427
30.0,148392.597,1052533.79,699.6,1,38,44.77,0,0.21,2019,1,31,3,2749,0,0,1,0,0,1,0,0,0,0,0,0,0,0,0,-0.8697191370914185,0.0,0.031945785873794895,-1.0615900195309194,-1.0914536068607612,-0.8697191370914185,-0.19633857523317627,0.17485463454536232,-0.08181678422716306,-0.05958450873125519,0.6593565899602499,1.2136215494103526,7.092899587167411,0.44770000000000004,6.333333333333333,35084.45966666667,3.8236288546655506,6.691038783328042,0.021848372296263928,0.02240026308842008,-2.5106601069380368
39.0,584932.17,1109447.06,673.3,2,43,55.32,1,0.15,2020,2,9,6,2375,2,1,0,1,0,0,0,1,0,0,0,1,0,1,0,-0.21719294522861374,0.09707899693551131,0.12592351796036158,0.005062376710039921,-0.38210334243652294,-0.21719294522861374,-0.18322877276012808,-0.1562312427781643,0.6115457939691334,0.2313554753080765,1.2533786374532934,0.6983371354164786,1.8967106220196437,0.5532,7.166666666666667,28447.360512820513,4.0310497118497866,7.437741592714821,0.01775568181818182,0.08799665670446236,0.06872938078211589
52.0,433855.37,616114.26,616.8,0,22,55.18,0,0.21,2023,1,1,6,1318,0,1,1,0,0,0,0,0,0,0,0,1,0,0,1,-0.4430179908375226,0.06348207901250125,0.09339987998333946,-0.3640826921527461,0.6425137061762657,-0.4430179908375226,-0.29686651596967806,-0.8674993822754725,-0.7751793624234595,-0.9905924576571167,1.2454958804249496,-0.7579613287319834,1.4200913544068845,0.5518,3.6666666666666665,11848.351153846153,4.0285608216760975,7.428324171709256,0.0177999288002848,-0.6916797376124372,-0.432760784091349
21.0,637250.45,743595.09,748.1,4,24,20.56,0,0.18,2022,3,26,5,1599,1,1,0,0,1,1,0,0,0,0,1,1,1,2,1,-0.13898915770346335,0.10871369504291797,0.13718653649332277,0.13289825272397773,-1.8008038712849996,-0.13898915770346335,-0.267501685932672,0.785412241016503,1.9982709503617262,-0.874216464041384,-0.7037973218697581,-0.370809135330169,1.1668804470832466,0.20559999999999998,4.0,35409.29,3.070839746040796,4.534313619501853,0.0463821892393321,-0.43085455846715903,0.20691209493514032
25.0,705999.8,845997.33,711.2,0,34,14.73,0,0.21,2019,11,14,3,2462,2,1,1,0,0,0,0,1,0,0,0,2,1,0,0,-0.036224702146204706,0.12400238443275344,0.15198681668561959,0.3008822419269646,-1.4855370870964493,-0.036224702146204706,-0.2439136345134218,0.32088490743330556,-0.7751793624234595,-0.29233649596272054,-1.032057846692928,0.818202761131631,1.1982968408772918,0.14730000000000001,5.666666666666667,33839.8932,2.7555697170701863,3.837968212479098,0.06357279084551812,-0.2583183221431622,0.3689990950619992
65.0,1073401.11,1156371.58,702.7,0,46,6.5,0,0.18,2022,4,6,2,1588,1,2,0,0,1,0,1,0,0,0,0,2,1,0,0,0.5129556987328372,0.20570620432353992,0.2310805438411039,1.1986003686031172,1.6671307547890544,0.5129556987328372,-0.17241984914103892,0.21387996609300253,-0.7751793624234595,0.40591946573167553,-1.4954513491448471,-0.3859645592711653,1.0772967991434255,0.065,7.666666666666667,17790.332000000002,2.0149030205422647,2.5495097567963922,0.13333333333333333,0.13904307039967082,0.9973621842471518
24.0,556630.12,963757.21,670.7,2,46,15.35,0,0.15,2018,1,15,0,3130,1,1,0,1,0,0,0,1,0,1,0,1,0,1,0,-0.25949799624952247,0.09078510104346879,0.1198306855187982,-0.06409160455119957,-1.5643537831435868,-0.25949799624952247,-0.21678799639686552,-0.18896216601166763,0.6115457939691334,0.40591946573167553,-0.9971484941388343,1.7385503240939515,1.7314140492433288,0.1535,7.666666666666667,40156.550416666665,2.794227897343262,3.9179076048319463,0.061162079510703356,-0.08914827564439894,-0.012390258728943612
36.0,2697525.93,2238066.26,661.6,1,40,30.51,0,0.18,2024,8,12,0,729,1,1,0,0,1,0,0,1,0,0,0,3,0,0,0,2.940648511600602,0.5668840176890829,0.5807202481185059,5.167030124334373,-0.6185534305779358,2.940648511600602,0.07674530322056418,-0.3035203973289335,-0.08181678422716306,0.056791484884477494,-0.14355851878390175,-1.569465392481694,0.8296736780580269,0.30510000000000004,6.666666666666667,62168.507222222215,3.4503049557691834,5.523585791856591,0.031735956839098696,0.8904944271678917,2.2025813477163436
44.0,639553.41,1781529.5,626.9,3,59,33.34,0,0.15,2021,5,21,4,1908,3,0,0,1,0,1,0,0,0,1,0,1,0,2,2,-0.13554676253070677,0.10922583428666668,0.13768231504645315,0.13852536640250596,0.011980137799164995,-0.13554676253070677,-0.028416581613770593,-0.7403523343299357,1.30490837216543,1.162363424233938,0.015785784003331818,0.05492050083054504,2.785583615291802,0.33340000000000003,9.833333333333334,40489.306818181816,3.5363108554693294,5.7740800133008205,0.029120559114735,0.6436392464441021,0.21267755286729062
36.0,453886.54,858181.34,760.0,6,33,38.79,1,0.26,2018,1,5,4,3140,2,1,0,0,0,1,0,0,0,1,0,1,1,2,0,-0.4130760018699921,0.06793667147402982,0.09771216698793701,-0.3151379989301456,-0.6185534305779358,-0.4130760018699921,-0.2411070840476052,0.935219158892927,3.3849961067543193,-0.3505244927705869,0.32265025403528297,1.7523279822221298,1.8907397870842348,0.38789999999999997,5.5,23838.370555555553,3.683615624438837,6.228161847608008,0.025131942699170646,-0.23950870827915913,-0.35500931376593076
22.0,149782.45,2590207.97,736.3,0,37,15.75,0,0.26,2024,3,28,3,866,2,1,0,0,0,0,0,0,0,1,0,0,1,0,0,-0.8676416267316894,0.00030907973405611827,0.03224499181284893,-1.0581940157673093,-1.721987175237862,-0.8676416267316894,0.1578600987791645,0.6368642048029051,-0.7751793624234595,-0.11777250553912152,-0.9746263312007095,-1.3807114761256492,17.29313394192711,0.1575,6.166666666666667,117736.72590909092,2.8183982582710754,3.968626966596886,0.05970149253731343,1.0419512512902374,-2.490554656832463
48.0,1135242.39,3653201.4,705.7,0,31,27.04,0,0.15,2023,3,24,4,1236,0,1,0,1,0,0,0,1,0,0,0,2,1,0,1,0.6053941795354042,0.21945865611239085,0.24439366274986854,1.3497049959460496,0.3272469219877154,0.6053941795354042,0.4027174738245267,0.25164641597781534,-0.7751793624234595,-0.4669004863863196,-0.3389382822721351,-0.8709381253830467,3.2179924148181254,0.2704,5.166666666666667,76108.3625,3.3336320621663895,5.2,0.03566333808844508,1.3789480320220784,1.0773342171949891
52.0,489226.93,235465.95,814.7,0,38,36.28,0,0.15,2021,11,26,4,1719,3,1,0,1,0,0,0,0,0,0,0,1,1,0,0,-0.36025025242608927,0.07579577480556164,0.10532020508727968,-0.2287863506281713,0.6425137061762657,-0.36025025242608927,-0.38454772205394644,1.6238274284593481,-0.7751793624234595,-0.05958450873125519,0.1813236815985495,-0.20547723779202762,0.48130210248237976,0.3628,6.333333333333333,4528.191346153846,3.6184569898173904,6.023288138550239,0.02682403433476395,-2.2168140953990325,-0.22743744763158988
47.0,185055.12,1890974.87,665.1,2,39,43.83,0,0.15,2022,5,27,4,1537,2,1,0,1,0,0,0,0,0,0,0,0,0,1,0,-0.8149171031019993,0.008153123286179398,0.039838451229271356,-0.9720078363133872,0.24843022594057776,-0.8149171031019993,-0.003206166146698072,-0.2594595391299852,0.6115457939691334,-0.001396511923388845,0.6064295070556562,-0.4562306157248754,10.218441240642248,0.43829999999999997,6.5,40233.50787234043,3.802877558167348,6.620422947214173,0.022306491188935983,0.7094029006486453,-2.044705649398136
40.0,680987.9,606167.16,762.1,3,52,12.27,0,0.15,2018,6,18,0,2976,1,1,0,1,0,0,0,1,0,0,0,1,1,2,0,-0.07361173614656392,0.11844016209683861,0.14660228391343033,0.2397675006305569,-0.30328664638938535,-0.07361173614656392,-0.29915780087001254,0.9616556738122962,1.30490837216543,0.7550474465788736,-1.170569148762396,1.5263743889200032,0.8901291197685011,0.12269999999999999,8.666666666666666,15154.179,2.5855058483441162,3.502855977627399,0.07535795026375283,-0.7147874695065836,0.31232285278151756
44.0,457427.85,1724630.9,732.7,0,13,55.05,0,0.21,2020,3,2,0,2353,3,0,1,0,0,0,0,0,0,0,0,1,1,0,1,-0.40778255845402567,0.06872419875426038,0.09847453609030354,-0.3064850679452792,0.011980137799164995,-0.40778255845402567,-0.04152300489595031,0.5915444649411308,-0.7751793624234595,-1.5142844289279138,1.2381761774700588,0.668026287534486,3.7702796189606733,0.5505,2.1666666666666665,39196.156818181815,4.026244149518169,7.419568720619818,0.01784121320249777,0.6074552749254333,-0.34169420885955243
32.0,743429.55,2342587.3,713.4,0,37,16.84,0,0.15,2020,9,26,5,2145,1,1,0,1,0,0,0,0,1,0,0,2,1,0,0,0.019724159630587313,0.13232612599088006,0.1600446497782615,0.3923390879898072,-0.9338202147664861,0.019724159630587313,0.10082141391807933,0.3485803040155008,-0.7751793624234595,-0.11777250553912152,-0.9132534371943193,0.38145099846837427,3.1510548645799723,0.1684,6.166666666666667,73205.853125,2.8814431271518632,4.1036569057366385,0.05605381165919283,0.9383499367843302,0.4494391520934492
55.0,942312.32,532908.59,722.3,0,49,27.04,0,0.15,2018,6,1,4,2993,2,1,0,1,0,0,1,0,0,1,0,2,1,0,0,0.3170081278247514,0.17655428081009042,0.20285990143402433,0.8782945346717039,0.8789637943176785,0.3170081278247514,-0.3160326945838682,0.4606207720071118,-0.7751793624234595,0.5804834561552745,-0.3389382822721351,1.5497964077379067,0.5655328691871502,0.2704,8.166666666666666,9689.24709090909,3.3336320621663895,5.2,0.03566333808844508,-0.9007277007442868,0.8077937482616804
53.0,238224.18,269243.39,682.9,3,54,12.41,1,0.15,2024,3,21,3,873,2,0,0,1,0,0,0,0,0,1,0,0,0,2,0,-0.735441595284235,0.019977020435600068,0.05128462469216286,-0.8420931418330329,0.7213304022234033,-0.735441595284235,-0.376767189210811,-0.035378603146762985,1.30490837216543,0.8714234401946063,-1.1626863917340522,-1.3710671154359244,1.130210165903394,0.1241,9.0,5080.063962264151,2.596000697293587,3.5227829907617076,0.07457121551081282,-1.9835512675703226,-1.5370656789167993
53.0,944305.9,1767017.87,692.6,0,40,39.52,1,0.26,2019,5,19,6,2641,1,1,0,0,0,0,0,0,1,0,0,2,0,0,0,0.3199880711014492,0.17699761918919932,0.20328907702020457,0.883165701034663,0.7213304022234033,0.3199880711014492,-0.031759292423779555,0.08673291814746573,-0.7751793624234595,0.056791484884477494,0.36375320139736106,1.0648228416260253,1.8712345967551405,0.39520000000000005,6.666666666666667,33339.959811320754,3.7017956793804827,6.286493458200685,0.024679170779861793,0.6345471201974728,0.8109103802571896
63.0,542294.08,1082497.83,648.9,0,25,6.95,0,0.26,2022,4,23,5,1571,3,0,0,0,0,0,1,0,0,1,0,1,0,0,1,-0.2809270766036943,0.0875970088994666,0.11674443948377423,-0.09912066575066678,1.5094973626947792,-0.2809270766036943,-0.18943644773822624,-0.463398368507975,-0.7751793624234595,-0.8160284672335176,-1.4701139158394567,-0.40938657808906864,1.9961453940267984,0.0695,4.166666666666667,17182.50523809524,2.0731719286662407,2.6362852652928135,0.12578616352201258,0.05746462812555556,-0.05540226618140014
57.0,1137180.65,306230.35,693.1,1,51,54.39,1,0.18,2023,9,23,5,1053,2,0,0,0,1,1,0,0,0,0,1,2,0,0,0,0.6082914321440239,0.21988969226177618,0.24481092911072172,1.3544409919505584,1.0365971864119536,0.6082914321440239,-0.3682473529814302,0.0930273264616012,-0.08181678422716306,0.6968594497710072,1.201014608622153,-1.1230692691287123,0.26928909667958206,0.5439,8.5,5372.462280701754,4.014399072045013,7.374957626996917,0.018053800324968405,-1.766212532026205,1.0797553014889827
32.0,482708.62,5784515.44,646.1,3,21,56.55,1,0.21,2019,5,19,6,2641,2,1,1,0,0,0,0,0,0,1,0,1,0,2,1,-0.3699936256842136,0.07434621321790069,0.10391695088370903,-0.2447133625440908,-0.9338202147664861,-0.3699936256842136,0.8936593239841524,-0.4986470550671331,1.30490837216543,-1.048780454464983,1.322634288488027,1.0648228416260253,11.983451714618232,0.5655,3.5,180766.1075,4.0526541351678915,7.519973404208288,0.01737619461337967,1.7897669817527033,-0.2501146538884734
23.0,417180.85,1524372.78,765.4,1,43,21.03,0,0.15,2020,4,22,2,2302,1,0,0,1,0,0,1,0,0,0,0,1,1,0,0,-0.4679425605895074,0.05977394857920117,0.08981020869085367,-0.4048256575428914,-1.6431704791907245,-0.4679425605895074,-0.08765186723023505,1.0031987686855897,-0.08181678422716306,0.2313554753080765,-0.6773337804174612,0.5977602310807759,3.6539855077240486,0.21030000000000001,7.166666666666667,66277.07739130435,3.092405160814252,4.585847795119241,0.04539264639128461,0.467373770239031,-0.5008610137911045
21.0,548465.54,1573904.49,660.9,1,22,36.5,1,0.15,2018,12,17,0,2794,0,1,0,1,0,0,0,1,0,0,0,1,0,0,1,-0.2717021642678918,0.08896943693001227,0.1180730242223289,-0.0840411563442989,-1.8008038712849996,-0.2717021642678918,-0.07624238514895058,-0.3123325689687237,-0.08181678422716306,-0.9905924576571167,0.1937108712145181,1.2756210109871555,2.8696506438672515,0.365,3.6666666666666665,74947.83285714286,3.624340932976365,6.041522986797286,0.02666666666666667,0.5040456977213549,-0.03672007629085929
53.0,571502.07,2561420.2,726.1,0,38,46.08,0,0.15,2023,9,2,5,1074,1,1,0,1,0,0,0,1,0,0,0,1,1,0,0,-0.23726785378526985,0.0940923704819604,0.1230323016359808,-0.027753086612813987,0.7213304022234033,-0.23726785378526985,0.15122892158025214,0.5084582751945422,-0.7751793624234595,-0.05958450873125519,0.7331166735826087,-1.0941361870595376,4.481908875675639,0.4608,6.333333333333333,48328.68301886793,3.851848282392076,6.788225099390856,0.021240441801189464,1.0305457449408293,0.030840182183220745
60.0,375295.26,655676.78,715.2,1,29,34.99,0,0.18,2022,7,18,0,1485,2,1,0,0,1,0,0,0,0,0,0,1,1,0,1,-0.5305518776527894,0.05045930378008674,0.08079312753998222,-0.5071700215015429,1.2730472745533665,-0.5305518776527894,-0.28775340715452796,0.3712401739463893,-0.08181678422716306,-0.5832764800020522,0.10868970612309684,-0.5278744379914033,1.747095819968523,0.34990000000000004,4.833333333333333,10927.946333333333,3.5832411220909393,5.915234568468101,0.027785495971103084,-0.6041164893037674,-0.687484219502066
30.0,411281.18,1078754.7,708.5,2,44,30.87,0,0.21,2019,8,21,2,2547,1,1,1,0,0,0,0,1,0,0,0,1,1,1,0,-0.4767612094278963,0.05846196203485521,0.0885401345877227,-0.41924106803886235,-1.0914536068607612,-0.4767612094278963,-0.19029866660090874,0.2868951025369734,0.6115457939691334,0.28954347211594283,-0.1232885721395894,0.9353128552211479,2.6229128694874877,0.30870000000000003,7.333333333333333,35958.49,3.461665128429245,5.55607775323564,0.031377470975839344,0.05314999075532203,-0.5257461344931631
63.0,275190.39,391004.62,766.8,5,57,45.29,1,0.26,2020,12,2,2,2078,2,0,0,0,0,0,0,0,1,0,1,0,1,2,2,-0.6801856191235108,0.028197678559777666,0.05924266743216381,-0.751768921727456,1.5094973626947792,-0.6801856191235108,-0.3487198520225702,1.0208231119651687,2.6916335285580226,1.0459874306182053,0.6886354017798121,0.2891406890095787,1.4208512877212027,0.45289999999999997,9.5,6206.4225396825395,3.8349259550431793,6.729784543356496,0.02160293799956794,-1.370843520116692,-1.258756912951846
64.0,425468.08,643344.79,668.5,0,39,36.36,0,0.15,2024,11,18,0,631,2,1,0,1,0,1,0,0,0,1,0,1,0,0,0,-0.4555550590490887,0.06161688797240454,0.09159427393682339,-0.38457641947965626,1.588314058741917,-0.4555550590490887,-0.2905940443732224,-0.21665756259386426,-0.7751793624234595,-0.001396511923388845,0.18582811418617437,-1.7044864421378427,1.5120870877082013,0.3636,6.5,10052.26234375,3.620600613360642,6.029925372672534,0.02676659528907923,-0.630698321346917,-0.4666128799347122
49.0,783848.1,1289753.92,709.2,0,56,75.28,0,0.15,2018,2,9,4,3105,0,1,0,1,0,0,0,1,0,0,0,2,1,0,2,0.08014058953376202,0.14131452597629857,0.1687459082623978,0.49109884741735615,0.40606361803485297,0.08014058953376202,-0.1416956238278044,0.2957072741767636,-0.7751793624234595,0.987799433810339,2.3772345680657243,1.7041061787735052,1.6454130844994075,0.7528,9.333333333333334,26321.50857142857,4.3344107807322185,8.676404785393544,0.013109596224436287,0.2712592676539879,0.5309922321561104
33.0,501047.01,306907.21,561.3,0,26,9.46,0,0.15,2024,6,8,5,794,2,1,0,1,0,1,0,0,0,0,0,1,0,0,1,-0.34258195322263146,0.07842436011848469,0.10786481817664509,-0.1999048529689434,-0.8550035187193485,-0.34258195322263146,-0.36809144029354723,-1.5661787051445097,-0.7751793624234595,-0.7578404704256513,-1.328787343402723,-1.4799106146485341,0.6125317662308772,0.0946,4.333333333333333,9300.218484848485,2.347558458636777,3.0757112998459397,0.09560229445506692,-1.7625404206470172,-0.187230298008983
32.0,941270.57,630707.4,658.9,0,40,51.04,0,0.15,2018,6,24,6,2970,0,0,0,1,0,0,0,1,0,1,0,2,0,0,0,0.31545095133396606,0.17632261327909762,0.20263563470437052,0.8757490950311515,-0.9338202147664861,0.31545095133396606,-0.2935050295735961,-0.3375102022252656,-0.7751793624234595,0.056791484884477494,1.012391494015357,1.5181077940430963,0.6700596195204531,0.5104,6.666666666666667,19709.60625,3.9520126536443043,7.1442284397967,0.01921598770176787,-0.6585963972927797,0.8061619796479491
51.0,487972.24,514240.45,754.2,3,64,44.02,1,0.15,2020,9,25,4,2146,3,1,0,1,0,0,1,0,0,0,0,1,1,2,2,-0.36212572520864117,0.07551675303022073,0.10505009688182795,-0.23185209352484007,0.5636970101291281,-0.36212572520864117,-0.32033284511008486,0.862204022448956,1.30490837216543,1.4533034082732696,0.6171275344512659,0.3828287642811921,1.0538313613905579,0.44020000000000004,10.666666666666666,10083.146078431373,3.8071068354785864,6.634756966159348,0.02221235006663705,-0.9531827304169748,-0.2317740912205163
22.0,4333390.0,1087578.88,589.6,0,84,49.4,0,0.15,2022,1,24,0,1660,2,0,0,1,0,0,0,0,1,0,0,3,0,0,2,5.385888801424884,0.9306724411464976,0.9328871644967845,9.164143875554329,-1.721987175237862,5.385888801424884,-0.18826604298278557,-1.2099151945644413,-0.7751793624234595,2.6170633444305964,0.9200506259690451,-0.2867654207482805,0.25097645953860603,0.494,14.0,49435.40363636363,3.919991175077323,7.0285133563222315,0.01984126984126984,0.06329220076697166,2.7389288448848252
55.0,750504.7,1472233.04,702.0,0,79,38.96,0,0.21,2021,5,1,5,1928,1,1,1,0,0,0,0,0,0,1,0,2,1,0,2,0.030299880531743876,0.133899519350039,0.16156777985007348,0.40962669756298126,0.8789637943176785,0.030299880531743876,-0.0996621012652165,0.2050677944532123,-0.7751793624234595,2.3261233603912648,0.3322221732839861,0.08247581708690194,1.9616573220660711,0.3896,13.166666666666666,26767.873454545454,3.687878953780353,6.241794613730894,0.025025025025025023,0.4271535317394855,0.46409552019324485
